product_name,current_price,original_price,percent_discount,product_link,brand_name
iPhone 15 Pro Max 256GB | Chính hãng VN/A,31990000,34990000,9,https://cellphones.com.vn/iphone-15-pro-max.html,apple
iPhone 15 128GB | Chính hãng VN/A,21590000,22990000,6,https://cellphones.com.vn/iphone-15.html,apple
iPhone 14 Pro Max 128GB | Chính hãng VN/A,26990000,29990000,10,https://cellphones.com.vn/iphone-14-pro-max.html,apple
iPhone 14 Pro 128GB | Chính hãng VN/A,25190000,27990000,10,https://cellphones.com.vn/iphone-14-pro.html,apple
iPhone 13 128GB | Chính hãng VN/A,15690000,18990000,17,https://cellphones.com.vn/iphone-13.html,apple
iPhone 15 Pro 128GB | Chính hãng VN/A,27390000,28990000,6,https://cellphones.com.vn/iphone-15-pro.html,apple
iPhone 12 Pro Max 128GB I Chính hãng VN/A,23490000,28990000,19,https://cellphones.com.vn/iphone-12-pro-max.html,apple
iPhone 14 Pro Max 256GB | Chính hãng VN/A,29590000,32990000,10,https://cellphones.com.vn/iphone-14-pro-max-256gb.html,apple
iPhone 15 Plus 128GB | Chính hãng VN/A,24490000,25990000,6,https://cellphones.com.vn/iphone-15-plus.html,apple
iPhone 15 Pro 256GB | Chính hãng VN/A,29990000,31990000,6,https://cellphones.com.vn/iphone-15-pro-256gb.html,apple
iPhone 14 128GB | Chính hãng VN/A,18590000,22990000,19,https://cellphones.com.vn/iphone-14.html,apple
iPhone 11 64GB | Chính hãng VN/A,9890000,11990000,18,https://cellphones.com.vn/iphone-11.html,apple
iPhone 15 256GB | Chính hãng VN/A,25390000,25990000,2,https://cellphones.com.vn/iphone-15-256gb.html,apple
iPhone 15 Plus 256GB | Chính hãng VN/A,28490000,28990000,2,https://cellphones.com.vn/iphone-15-plus-256gb.html,apple
iPhone 15 Pro Max 1TB | Chính hãng VN/A,45290000,46990000,4,https://cellphones.com.vn/iphone-15-pro-max-1tb.html,apple
iPhone 14 Plus 128GB | Chính hãng VN/A,20890000,24990000,16,https://cellphones.com.vn/iphone-14-plus.html,apple
iPhone 12 64GB | Chính hãng VN/A,12390000,15990000,23,https://cellphones.com.vn/iphone-12.html,apple
iPhone 14 Pro Max 512GB | Chính hãng VN/A,35190000,38990000,10,https://cellphones.com.vn/iphone-14-pro-max-512gb.html,apple
iPhone 15 Pro Max 512GB | Chính hãng VN/A,38990000,40990000,5,https://cellphones.com.vn/iphone-15-pro-max-512gb.html,apple
iPhone 12 128GB | Chính hãng VN/A,13790000,17990000,23,https://cellphones.com.vn/iphone-12-128gb.html,apple
iPhone 11 128GB | Chính hãng VN/A,11690000,13990000,16,https://cellphones.com.vn/iphone-11-128gb.html,apple
iPhone 12 Pro 128GB I Chính hãng VN/A,24990000,26990000,7,https://cellphones.com.vn/iphone-12-pro.html,apple
iPhone 15 Pro 1TB | Chính hãng VN/A,41890000,43990000,5,https://cellphones.com.vn/iphone-15-pro-1tb.html,apple
iPhone 13 Pro Max 128GB | Chính hãng VN/A,22990000,28990000,21,https://cellphones.com.vn/iphone-13-pro-max.html,apple
iPhone 13 Pro Max 256GB | Chính hãng VN/A,23990000,31990000,25,https://cellphones.com.vn/iphone-13-pro-max-256gb.html,apple
iPhone 14 Pro 256GB | Chính hãng VN/A,26990000,29990000,10,https://cellphones.com.vn/iphone-14-pro-256gb.html,apple
iPhone 13 Pro 128GB | Chính hãng VN/A,21990000,23990000,8,https://cellphones.com.vn/iphone-13-pro.html,apple
iPhone 12 mini 64GB I Chính hãng VN/A,12690000,14990000,15,https://cellphones.com.vn/iphone-12-mini.html,apple
iPhone SE 2022 | Chính hãng VN/A,9990000,12990000,23,https://cellphones.com.vn/iphone-se-2022.html,apple
iPhone 13 mini 128GB | Chính hãng VN/A,17490000,21990000,20,https://cellphones.com.vn/iphone-13-mini.html,apple
iPhone 15 Pro 512GB | Chính hãng VN/A,37990000,37990000,0,https://cellphones.com.vn/iphone-15-pro-512gb.html,apple
iPhone 13 Pro 256GB | Chính hãng VN/A,24490000,26990000,9,https://cellphones.com.vn/iphone-13-pro-256gb.html,apple
Apple iPhone 8 Plus 128GB I Chính hãng VN/A,13920000,16000000,13,https://cellphones.com.vn/iphone-8-plus-128gb-chinh-hang-vn-a.html,apple
iPhone 12 Pro Max 256GB I Chính hãng VN/A,27590000,31990000,14,https://cellphones.com.vn/iphone-12-pro-max-256gb.html,apple
iPhone 11 256GB I Chính hãng VN/A,19990000,19990000,0,https://cellphones.com.vn/iphone-11-256gb.html,apple
iPhone 12 Pro 256GB | Chính hãng VN/A,24990000,28990000,14,https://cellphones.com.vn/iphone-12-pro-256gb.html,apple
iPhone 15 Plus 512GB | Chính hãng VN/A,32990000,34990000,6,https://cellphones.com.vn/iphone-15-plus-512gb.html,apple
iPhone 11 Pro Max 512GB I Chính hãng VN/A,35000000,35000000,0,https://cellphones.com.vn/iphone-11-pro-max-512gb.html,apple
iPhone 13 mini 256GB I Chính hãng VN/A,19990000,24990000,20,https://cellphones.com.vn/iphone-13-mini-256gb.html,apple
iPhone 14 Plus 512GB | Chính hãng VN/A,25490000,29990000,15,https://cellphones.com.vn/iphone-14-plus-512gb.html,apple
iPhone 15 Ultra,0,0,0,https://cellphones.com.vn/iphone-15-ultra-54153.html-1,apple
Samsung Galaxy S24 Ultra 12GB 256GB,28990000,33990000,15,https://cellphones.com.vn/samsung-galaxy-s24-ultra.html,samsung
Samsung Galaxy S23 Ultra 256GB,22290000,31990000,30,https://cellphones.com.vn/samsung-galaxy-s23-ultra.html,samsung
Samsung Galaxy Z Flip5 512GB,20390000,29990000,32,https://cellphones.com.vn/samsung-galaxy-z-flip-5.html,samsung
Samsung Galaxy S22 Ultra (12GB - 256GB) - Chỉ có tại CellphoneS,17550000,33990000,48,https://cellphones.com.vn/samsung-galaxy-s22-ultra-12gb-256gb.html,samsung
Samsung Galaxy Z Fold5 12GB 256GB,33790000,40990000,18,https://cellphones.com.vn/samsung-galaxy-z-fold-5-256gb.html,samsung
Samsung Galaxy A15 LTE 8GB 128GB,4590000,4990000,8,https://cellphones.com.vn/samsung-galaxy-a15.html,samsung
Samsung Galaxy Z Flip5 256GB,17990000,25990000,31,https://cellphones.com.vn/samsung-galaxy-z-flip-5-256gb.html,samsung
Samsung Galaxy M14 5G 4GB 128GB,3570000,5290000,33,https://cellphones.com.vn/samsung-galaxy-m14.html,samsung
Samsung Galaxy S22 Ultra (8GB - 128GB),30990000,30990000,0,https://cellphones.com.vn/samsung-galaxy-s22-ultra.html,samsung
Samsung Galaxy A05S 4GB 128GB,3490000,3990000,13,https://cellphones.com.vn/samsung-galaxy-a05s.html,samsung
Samsung Galaxy A54 5G 8GB 128GB,8490000,10490000,19,https://cellphones.com.vn/samsung-galaxy-a54.html,samsung
Samsung Galaxy A05 4GB 128GB,2890000,3090000,6,https://cellphones.com.vn/samsung-galaxy-a05.html,samsung
Samsung Galaxy S23 FE 5G 8GB 128GB,12090000,14890000,19,https://cellphones.com.vn/samsung-galaxy-s23-fe.html,samsung
Samsung Galaxy S23 Ultra 12GB 512GB,27990000,36990000,24,https://cellphones.com.vn/samsung-galaxy-s23-ultra-12gb-512gb.html,samsung
Samsung Galaxy A34 5G 8GB 128GB,6990000,8490000,18,https://cellphones.com.vn/samsung-galaxy-a34.html,samsung
Samsung Galaxy Z Flip4 256GB,11490000,25990000,56,https://cellphones.com.vn/samsung-galaxy-z-flip-4-256gb.html,samsung
Samsung Galaxy S24 Ultra 12GB 512GB,32490000,37490000,13,https://cellphones.com.vn/samsung-galaxy-s24-ultra-512gb.html,samsung
Samsung Galaxy S21 FE 8GB 128GB,9590000,16990000,44,https://cellphones.com.vn/samsung-galaxy-s21-fe-8gb-128gb.html,samsung
Samsung Galaxy A23 5G,4650000,5990000,22,https://cellphones.com.vn/samsung-galaxy-a23-5g.html,samsung
Samsung Galaxy A25 5G 6GB 128GB,6090000,6590000,8,https://cellphones.com.vn/samsung-galaxy-a25.html,samsung
Xiaomi Redmi Note 13 6GB 128GB,4590000,4890000,6,https://cellphones.com.vn/xiaomi-redmi-note-13.html,xiaomi
Xiaomi Redmi Note 13 Pro Plus 5G 8GB 256GB,10690000,10990000,3,https://cellphones.com.vn/xiaomi-redmi-note-13-pro-plus.html,xiaomi
Xiaomi Redmi Note 12 4GB 128GB,3790000,4990000,24,https://cellphones.com.vn/xiaomi-redmi-note-12.html,xiaomi
Xiaomi Redmi Note 12 8GB 128GB,4390000,5790000,24,https://cellphones.com.vn/xiaomi-redmi-note-12-8gb-128gb.html,xiaomi
Xiaomi POCO X6 Pro 5G 8GB 256GB - Chỉ có tại CellphoneS,8990000,9990000,10,https://cellphones.com.vn/dien-thoai-xiaomi-poco-x6-pro.html,xiaomi
Xiaomi 13T 12GB 256GB,11290000,12990000,13,https://cellphones.com.vn/xiaomi-13t.html,xiaomi
Xiaomi Redmi 13C 6GB 128GB,3290000,3490000,6,https://cellphones.com.vn/xiaomi-redmi-13c.html,xiaomi
Xiaomi 13 8GB 256GB,18090000,22990000,21,https://cellphones.com.vn/xiaomi-13.html,xiaomi
Xiaomi 13T Pro 5G (12GB - 512GB) - Chỉ có tại CellphoneS,14690000,16990000,14,https://cellphones.com.vn/xiaomi-13t-pro.html,xiaomi
Xiaomi Redmi Note 12 Pro 5G,7990000,9490000,16,https://cellphones.com.vn/xiaomi-redmi-note-12-pro-5g.html,xiaomi
Xiaomi 13 Lite,8990000,11490000,22,https://cellphones.com.vn/xiaomi-13-lite.html,xiaomi
Xiaomi Redmi 12C 4GB 64GB,2390000,3590000,33,https://cellphones.com.vn/xiaomi-redmi-12c.html,xiaomi
Xiaomi POCO X5 5G 8GB 256GB,6050000,7490000,19,https://cellphones.com.vn/poco-x5-256gb.html,xiaomi
Xiaomi Redmi Note 11 Pro 5G,6590000,8990000,27,https://cellphones.com.vn/xiaomi-redmi-note-11-pro-5g.html,xiaomi
Xiaomi POCO M5s 6GB 128GB,4190000,5290000,21,https://cellphones.com.vn/xiaomi-poco-m5s-6gb-128gb.html,xiaomi
Xiaomi Redmi Note 12 Pro 4G 8GB 256GB,6490000,7990000,19,https://cellphones.com.vn/xiaomi-redmi-note-12-pro-4g.html,xiaomi
Xiaomi Redmi Note 11 128GB,4090000,4990000,18,https://cellphones.com.vn/xiaomi-redmi-note-11-128gb.html,xiaomi
Xiaomi Redmi 10A,2400000,2890000,17,https://cellphones.com.vn/xiaomi-redmi-10a.html,xiaomi
Redmi A2 2GB 32GB,1750000,2190000,20,https://cellphones.com.vn/xiaomi-redmi-a2.html,xiaomi
Xiaomi 12T 8GB 128GB,8990000,12490000,28,https://cellphones.com.vn/xiaomi-mi-12t.html,xiaomi
Xiaomi Redmi Note 12S,5490000,6690000,18,https://cellphones.com.vn/xiaomi-redmi-note-12s.html,xiaomi
Xiaomi Redmi Note 11,3890000,4690000,17,https://cellphones.com.vn/xiaomi-redmi-note-11.html,xiaomi
Xiaomi Redmi Note 11 Pro Plus 5G - Chỉ có tại CellphoneS,6790000,9990000,32,https://cellphones.com.vn/xiaomi-redmi-note-11-pro-plus.html,xiaomi
Xiaomi Redmi Note 11 Pro,5790000,7490000,23,https://cellphones.com.vn/xiaomi-redmi-note-11-pro.html,xiaomi
Xiaomi 12T Pro,14690000,16990000,14,https://cellphones.com.vn/xiaomi-mi-12t-pro.html,xiaomi
Xiaomi 11 Lite 5G NE,6090000,9490000,36,https://cellphones.com.vn/xiaomi-11-lite-5g-ne.html,xiaomi
POCO X5 5G 6GB 128GB - Chỉ có tại CellphoneS,5450000,6490000,16,https://cellphones.com.vn/poco-x5.html,xiaomi
Xiaomi Mi 11 Lite 5G,7490000,10490000,29,https://cellphones.com.vn/xiaomi-mi-11-lite.html,xiaomi
Xiaomi Redmi 9T 4GB 64GB,3990000,3990000,0,https://cellphones.com.vn/xiaomi-redmi-9t-4gb-64gb.html,xiaomi
Xiaomi Redmi Note 11S,4990000,6690000,25,https://cellphones.com.vn/xiaomi-redmi-note-11s.html,xiaomi
Xiaomi Redmi 9A,1850000,2490000,26,https://cellphones.com.vn/xiaomi-redmi-9a.html,xiaomi
Xiaomi 14 Pro,0,0,0,https://cellphones.com.vn/xiaomi-14-pro.html,xiaomi
Xiaomi 14 Ultra,0,0,0,https://cellphones.com.vn/xiaomi-14-ultra.html,xiaomi
Xiaomi Redmi Note 12 Pro 4G-Xanh dương,0,0,0,https://cellphones.com.vn/xiaomi-redmi-note-12-pro-4g-xanh-duong.html,xiaomi
Xiaomi 14,0,0,0,https://cellphones.com.vn/xiaomi-14.html,xiaomi
Xiaomi POCO X5 Pro 8GB 256GB,7390000,8690000,15,https://cellphones.com.vn/poco-x5-pro-256gb.html,xiaomi
Xiaomi Redmi Note 13 8GB 256GB,0,0,0,https://cellphones.com.vn/dien-thoai-xiaomi-redmi-note-13-8gb-256.html,xiaomi
Xiaomi Redmi Note 13 12GB 256GB,0,0,0,https://cellphones.com.vn/dien-thoai-xiaomi-redmi-note-13-12gb-256.html,xiaomi
Xiaomi 14 Lite,0,0,0,https://cellphones.com.vn/xiaomi-14-lite.html,xiaomi
Redmi A2 3GB 32GB,2190000,2190000,0,https://cellphones.com.vn/xiaomi-redmi-a2-3gb-32gb.html,xiaomi
Redmi Note 7 32GB,3100000,4290000,28,https://cellphones.com.vn/redmi-note-7-32-gb.html,xiaomi
Xiaomi Redmi Note 9T 5G,0,0,0,https://cellphones.com.vn/xiaomi-redmi-note-9t.html,xiaomi
Xiaomi Redmi Note 8,4150000,4490000,8,https://cellphones.com.vn/xiaomi-redmi-note-8.html,xiaomi
Nokia 110 4G Pro,680000,710000,4,https://cellphones.com.vn/nokia-110-4g-pro.html,nokia
Nokia 5710 XpressAudio,1760000,1790000,2,https://cellphones.com.vn/nokia-5710-xpressaudio.html,nokia
Điện thoại Nokia 8210 4G 128MB,1550000,1590000,3,https://cellphones.com.vn/nokia-8210-4g.html,nokia
Nokia 105 4G Pro,650000,680000,4,https://cellphones.com.vn/nokia-105-4g-pro.html,nokia
Điện thoại Nokia 105 4G 128MB,620000,820000,24,https://cellphones.com.vn/nokia-105-4g.html,nokia
Nokia 215 4G,960000,960000,0,https://cellphones.com.vn/nokia-215-4g.html,nokia
Nokia 110 4G,830000,850000,2,https://cellphones.com.vn/nokia-110-4g.html,nokia
Nokia C32 4GB 128GB,2890000,3290000,12,https://cellphones.com.vn/nokia-c32.html,nokia
Nokia C31 4GB 128GB,2450000,3690000,34,https://cellphones.com.vn/nokia-c31-4gb-128gb.html,nokia
Nokia C20,1600000,2490000,36,https://cellphones.com.vn/nokia-c20.html,nokia
Nokia C21 Plus 2GB 32GB,1540000,2390000,36,https://cellphones.com.vn/nokia-c21-plus-2gb-32gb.html,nokia
Nokia G22 4GB 128GB,3420000,3990000,14,https://cellphones.com.vn/nokia-g22.html,nokia
Nokia C21 Plus 3GB 64GB,2150000,3190000,33,https://cellphones.com.vn/nokia-c21-plus.html,nokia
Nokia 105 2 SIM (2019),520000,520000,0,https://cellphones.com.vn/nokia-105-dual-sim-2019.html,nokia
Nokia 150,0,0,0,https://cellphones.com.vn/nokia-150.html,nokia
Nokia 130,0,0,0,https://cellphones.com.vn/nokia-130.html,nokia
Nokia 2.4,2690000,2690000,0,https://cellphones.com.vn/nokia-24.html,nokia
Nokia C21 Plus 3GB 32GB,1990000,2990000,33,https://cellphones.com.vn/nokia-c21-plus-32gb.html,nokia
Nokia C3,0,0,0,https://cellphones.com.vn/nokia-c3.html,nokia
Nokia XR21 5G,0,0,0,https://cellphones.com.vn/nokia-xr21.html,nokia
OnePlus Nord 3 5G 16GB 256GB,11950000,12490000,4,https://cellphones.com.vn/oneplus-nord-3.html,oneplus
OnePlus 11 5G 8GB 128GB - Chỉ có tại CellphoneS,15990000,17990000,11,https://cellphones.com.vn/oneplus-11-8gb-128gb.html,oneplus
OnePlus Nord CE 3 Lite - Chỉ có tại CellphoneS,5690000,6190000,8,https://cellphones.com.vn/oneplus-nord-ce-3-lite.html,oneplus
Oneplus Ace 2 Pro,0,0,0,https://cellphones.com.vn/oneplus-ace-2-pro.html,oneplus
Oneplus Nord N10 5G,4590000,7990000,43,https://cellphones.com.vn/oneplus-nord-n10-5g.html,oneplus
Oneplus Open,0,0,0,https://cellphones.com.vn/oneplus-open.html,oneplus
OnePlus Ace 2V,0,0,0,https://cellphones.com.vn/oneplus-ace-2v.html,oneplus
OnePlus V Fold,0,0,0,https://cellphones.com.vn/oneplus-v-fold.html,oneplus
OnePlus Nord N30,0,0,0,https://cellphones.com.vn/oneplus-nord-n30.html,oneplus
OnePlus 9 Pro,0,0,0,https://cellphones.com.vn/oneplus-9-pro.html,oneplus
Oneplus Nord N300,0,0,0,https://cellphones.com.vn/oneplus-nord-n300.html,oneplus
OnePlus Nord N20 SE,0,0,0,https://cellphones.com.vn/oneplus-nord-n20-se.html,oneplus
OnePlus Nord CE,0,0,0,https://cellphones.com.vn/oneplus-nord-ce.html,oneplus
OnePlus Ace Pro,0,0,0,https://cellphones.com.vn/oneplus-ace-pro.html,oneplus
OnePlus 9,0,0,0,https://cellphones.com.vn/oneplus-9.html,oneplus
OnePlus Nord 2T,0,0,0,https://cellphones.com.vn/oneplus-nord-2t.html,oneplus
Infinix Hot 30 8GB 256GB,2890000,3990000,28,https://cellphones.com.vn/infinix-hot-30.html,infinix
Infinix Note 30 4G 8GB 256GB,3790000,4690000,19,https://cellphones.com.vn/infinix-note-30.html,infinix
Infinix Hot 30i 4GB 128GB,2150000,2790000,23,https://cellphones.com.vn/infinix-hot-30i.html,infinix
Infinix Hot 30i 8GB 128GB,2390000,3290000,27,https://cellphones.com.vn/infinix-hot-30i-8gb-128gb.html,infinix
Infinix Note 30 5G 8GB 256GB,4390000,5290000,17,https://cellphones.com.vn/infinix-note-30-5g.html,infinix
Infinix Note 30 Pro,0,0,0,https://cellphones.com.vn/infinix-note-30-pro.html,infinix
Infinix Hot 40 Pro,0,0,0,https://cellphones.com.vn/dien-thoai-infinix-hot-40-pro.html,infinix
Infinix Hot 40,0,0,0,https://cellphones.com.vn/dien-thoai-infinix-hot-40.html,infinix
Infinix Hot 40i,0,0,0,https://cellphones.com.vn/dien-thoai-infinix-hot-40i.html,infinix
ASUS ROG Phone 7 16GB 512GB,20290000,24990000,19,https://cellphones.com.vn/asus-rog-phone-7.html,asus
ASUS ROG Phone 7 Ultimate 16GB 512GB - Chỉ có tại CellphoneS,26190000,29990000,13,https://cellphones.com.vn/rog-phone-7-ultimate.html,asus
ASUS ROG Phone 6 12GB 256GB,13990000,18990000,26,https://cellphones.com.vn/asus-rog-phone-6-12gb-256gb.html,asus
ASUS ROG Phone 6 16GB 512GB - Chỉ có tại CellphoneS,16990000,20990000,19,https://cellphones.com.vn/asus-rog-phone-6.html,asus
ASUS ROG Phone 5 chính hãng,18990000,22990000,17,https://cellphones.com.vn/asus-rog-phone-5.html,asus
ASUS ROG Phone 5S 16GB 512GB,17790000,22990000,23,https://cellphones.com.vn/asus-rog-phone-5s-512gb.html,asus
TCL 40 NXT PAPER 8GB 256GB,4390000,5490000,20,https://cellphones.com.vn/tcl-40-nxt-paper.html,tcl
TCL 40SE 4GB 128GB,2890000,3390000,15,https://cellphones.com.vn/tcl-40-se.html,tcl
TCL 408 4GB 64GB,2390000,2790000,14,https://cellphones.com.vn/tcl-408.html,tcl
TCL 40SE 6GB 256GB,3390000,3990000,15,https://cellphones.com.vn/tcl-40-se-256gb.html,tcl
TCL 408 4GB 128GB,2590000,2990000,13,https://cellphones.com.vn/tcl-408-128gb.html,tcl
TCL 406S 4GB 64GB,0,0,0,https://cellphones.com.vn/dien-thoai-tcl-406s.html,tcl
Itel S23 8GB 128GB,2490000,2990000,17,https://cellphones.com.vn/itel-s23.html,itel
Itel S23 8GB 256GB,2690000,3490000,23,https://cellphones.com.vn/itel-s23-256gb.html,itel
Điện thoại Nokia 105 4G 128MB,620000,820000,24,https://cellphones.com.vn/nokia-105-4g.html,dien-thoai-pho-thong
Nokia 215 4G,960000,960000,0,https://cellphones.com.vn/nokia-215-4g.html,dien-thoai-pho-thong
Nokia 110 4G,830000,850000,2,https://cellphones.com.vn/nokia-110-4g.html,dien-thoai-pho-thong
Nokia 105 2 SIM (2019),520000,520000,0,https://cellphones.com.vn/nokia-105-dual-sim-2019.html,dien-thoai-pho-thong
Điện thoại Philips E527,0,0,0,https://cellphones.com.vn/philips-xenium-e527-4g.html,dien-thoai-pho-thong
Điện thoại Phillips E506,0,0,0,https://cellphones.com.vn/philips-xenium-e506-4g.html,dien-thoai-pho-thong
Samsung Galaxy S23 FE 5G 8GB 128GB,12090000,14890000,19,https://cellphones.com.vn/samsung-galaxy-s23-fe.html,hang-sap-ve
Samsung Galaxy Tab A9+ WIFI 4GB 64GB,4890000,5990000,18,https://cellphones.com.vn/samsung-galaxy-tab-a9-plus.html,hang-sap-ve
Samsung Galaxy S24 Plus 12GB 256GB,21990000,26990000,19,https://cellphones.com.vn/samsung-galaxy-s24-plus.html,hang-sap-ve
ZTE Blade A52 4GB 64GB,1990000,2490000,20,https://cellphones.com.vn/zte-blade-a52.html,hang-sap-ve
Samsung Galaxy S24 8GB 256GB,18990000,22990000,17,https://cellphones.com.vn/samsung-galaxy-s24.html,hang-sap-ve
Samsung Galaxy S24 8GB 512GB,22490000,26490000,15,https://cellphones.com.vn/samsung-galaxy-s24-512gb.html,hang-sap-ve
Điện thoại ZTE Blade A72 3GB 128GB,1990000,2490000,20,https://cellphones.com.vn/dien-thoai-zte-blade-a72.html,hang-sap-ve
Samsung Galaxy Z Flip 5 8GB 512GB,25990000,29990000,13,https://cellphones.com.vn/samsung-galaxy-z-flip-5-512gb-63941.html-1,hang-sap-ve
realme GT Neo 3,0,0,0,https://cellphones.com.vn/realme-gt-neo-3.html,hang-sap-ve
Redmi K40,0,0,0,https://cellphones.com.vn/xiaomi-redmi-k40.html,hang-sap-ve
Realme Q3 Pro,0,0,0,https://cellphones.com.vn/realme-q3-pro.html,hang-sap-ve
Asus Rog phone 8 pro,0,0,0,https://cellphones.com.vn/asus-rog-phone-8-pro.html,hang-sap-ve
Xiaomi Redmi Note 12 Turbo,0,0,0,https://cellphones.com.vn/redmi-note-12-turbo.html,hang-sap-ve
OPPO Find N,0,0,0,https://cellphones.com.vn/oppo-find-n.html,hang-sap-ve
Honor X9B,0,0,0,https://cellphones.com.vn/dien-thoai-honor-x9b.html,hang-sap-ve
Redmi K50 Gaming Edition,0,0,0,https://cellphones.com.vn/redmi-k50-gaming-edition.html,hang-sap-ve
Xiaomi 13 Ultra,0,0,0,https://cellphones.com.vn/xiaomi-13-ultra.html,hang-sap-ve
Xiaomi Redmi Note 13 Pro,0,0,0,https://cellphones.com.vn/xiaomi-redmi-note-13-pro.html,hang-sap-ve
Realme GT2 Pro,0,0,0,https://cellphones.com.vn/realme-gt-2-pro.html,hang-sap-ve
Xiaomi Redmi K50,0,0,0,https://cellphones.com.vn/xiaomi-redmi-k50.html,hang-sap-ve
Meizu 20,0,0,0,https://cellphones.com.vn/meizu-20.html,hang-sap-ve
Redmi K60 Pro 5G,0,0,0,https://cellphones.com.vn/xiaomi-redmi-k60-pro.html,hang-sap-ve
Xiaomi Redmi Note 12 Pro 4G,0,0,0,https://cellphones.com.vn/xiaomi-redmi-note-12-pro-56074.html,hang-sap-ve
Huawei Mate 60 Pro,0,0,0,https://cellphones.com.vn/huawei-mate-60-pro.html,hang-sap-ve
Xiaomi Redmi K70 Pro,0,0,0,https://cellphones.com.vn/xiaomi-redmi-k70-pro.html,hang-sap-ve
Redmi K60,0,0,0,https://cellphones.com.vn/xiaomi-redmi-k60.html,hang-sap-ve
OPPO Reno11 F,0,0,0,https://cellphones.com.vn/dien-thoai-oppo-reno-11-f.html,hang-sap-ve
iPhone SE 4 2023,0,0,0,https://cellphones.com.vn/iphone-se-4-2023.html,hang-sap-ve
Samsung Galaxy A74,0,0,0,https://cellphones.com.vn/samsung-galaxy-a74.html,hang-sap-ve
Xiaomi 14 Pro,0,0,0,https://cellphones.com.vn/xiaomi-14-pro.html,hang-sap-ve
Leitz Phone 1,0,0,0,https://cellphones.com.vn/leitz-phone.html,hang-sap-ve
Realme GT Neo 5 SE,0,0,0,https://cellphones.com.vn/realme-gt-neo-5-se.html,hang-sap-ve
OPPO Find N2,0,0,0,https://cellphones.com.vn/oppo-find-n2.html,hang-sap-ve
Asus Rog Phone 8 ultimate,0,0,0,https://cellphones.com.vn/asus-rog-phone-8-ultimate.html,hang-sap-ve
huawei p60 art,0,0,0,https://cellphones.com.vn/huawei-p60-art.html,hang-sap-ve
Huawei Mate 50 Pro,0,0,0,https://cellphones.com.vn/huawei-mate-50-pro.html,hang-sap-ve
Xiaomi POCO F5 Pro,0,0,0,https://cellphones.com.vn/xiaomi-poco-f5-pro.html,hang-sap-ve
realme 10 Pro Plus,0,0,0,https://cellphones.com.vn/realme-10-pro-plus.html,hang-sap-ve
Google Pixel 7 Pro,0,0,0,https://cellphones.com.vn/google-pixel-7-pro.html,hang-sap-ve
Oneplus 12,0,0,0,https://cellphones.com.vn/oneplus-12.html,hang-sap-ve
Honor Magic 5 Pro,0,0,0,https://cellphones.com.vn/honor-magic-5-pro.html,hang-sap-ve
Oneplus Ace 2 Pro,0,0,0,https://cellphones.com.vn/oneplus-ace-2-pro.html,hang-sap-ve
Xiaomi POCO C65,0,0,0,https://cellphones.com.vn/xiaomi-poco-c65.html,hang-sap-ve
Tai nghe bluetooth Lenovo LP40,0,0,0,https://cellphones.com.vn/tai-nghe-bluetooth-lenovo-lp40.html,hang-sap-ve
TECNO SPARK 20 Pro Plus,0,0,0,https://cellphones.com.vn/tecno-spark-20-pro-plus.html,hang-sap-ve
TCL 406S 4GB 64GB,0,0,0,https://cellphones.com.vn/dien-thoai-tcl-406s.html,hang-sap-ve
Oneplus Open,0,0,0,https://cellphones.com.vn/oneplus-open.html,hang-sap-ve
Xiaomi Redmi Note 12T Pro,0,0,0,https://cellphones.com.vn/xiaomi-redmi-note-12t-pro.html,hang-sap-ve
OnePlus Ace 2V,0,0,0,https://cellphones.com.vn/oneplus-ace-2v.html,hang-sap-ve
OPPO Reno9 Pro,0,0,0,https://cellphones.com.vn/oppo-reno-9-pro.html,hang-sap-ve
Xiaomi 14 Ultra,0,0,0,https://cellphones.com.vn/xiaomi-14-ultra.html,hang-sap-ve
realme GT 5,0,0,0,https://cellphones.com.vn/realme-gt-5.html,hang-sap-ve
Meizu 20 Pro,0,0,0,https://cellphones.com.vn/meizu-20-pro.html,hang-sap-ve
Xiaomi Redmi Note 13 Turbo,0,0,0,https://cellphones.com.vn/dien-thoai-xiaomi-redmi-note-13-turbo.html,hang-sap-ve
OPPO Find X 7,0,0,0,https://cellphones.com.vn/oppo-find-x7.html,hang-sap-ve
TECNO Camon 20 Pro 5G,0,0,0,https://cellphones.com.vn/tecno-camon-20-pro-5g.html,hang-sap-ve
Samsung Galaxy A24,0,0,0,https://cellphones.com.vn/samsung-galaxy-a24.html,hang-sap-ve
Samsung Galaxy A55,0,0,0,https://cellphones.com.vn/samsung-galaxy-a55.html,hang-sap-ve
Xiaomi 14,0,0,0,https://cellphones.com.vn/xiaomi-14.html,hang-sap-ve
Google Pixel 6,0,0,0,https://cellphones.com.vn/google-pixel-6.html,hang-sap-ve
OPPO A79,0,0,0,https://cellphones.com.vn/oppo-a79.html,hang-sap-ve
OnePlus V Fold,0,0,0,https://cellphones.com.vn/oneplus-v-fold.html,hang-sap-ve
Realme C53,0,0,0,https://cellphones.com.vn/realme-c53.html,hang-sap-ve
Nubia Z40S Pro,0,0,0,https://cellphones.com.vn/nubia-z40s-pro.html,hang-sap-ve
Realme Note 50,0,0,0,https://cellphones.com.vn/dien-thoai-realme-note-50.html,hang-sap-ve
OnePlus Nord N30,0,0,0,https://cellphones.com.vn/oneplus-nord-n30.html,hang-sap-ve
Nubia Redmagic 8s Pro 16GB 512GB Transparent,0,0,0,https://cellphones.com.vn/nubia-redmagic-8s-pro-16gb-512gb-transparent.html,hang-sap-ve
Oneplus Nord N300,0,0,0,https://cellphones.com.vn/oneplus-nord-n300.html,hang-sap-ve
OPPO A38,0,0,0,https://cellphones.com.vn/oppo-a38.html,hang-sap-ve
Sony Xperia 1 V,0,0,0,https://cellphones.com.vn/sony-xperia-1-v.html,hang-sap-ve
OnePlus Nord N20 SE,0,0,0,https://cellphones.com.vn/oneplus-nord-n20-se.html,hang-sap-ve
Google Pixel 7,0,0,0,https://cellphones.com.vn/google-pixel-7.html,hang-sap-ve
TECNO Camon 20 Premier,0,0,0,https://cellphones.com.vn/tecno-camon-20-premier.html,hang-sap-ve
Tecno Spark 10C,0,0,0,https://cellphones.com.vn/tecno-spark-10c.html,hang-sap-ve
Samsung Galaxy A75,0,0,0,https://cellphones.com.vn/samsung-galaxy-a75.html,hang-sap-ve
Google Pixel 8 Pro,0,0,0,https://cellphones.com.vn/google-pixel-8-pro.html,hang-sap-ve
Xiaomi Mix Fold 3,0,0,0,https://cellphones.com.vn/xiaomi-mix-fold-3.html,hang-sap-ve
realme c67 4GB 128GB,0,0,0,https://cellphones.com.vn/dien-thoai-realme-c67.html,hang-sap-ve
realme GT 5 Pro,0,0,0,https://cellphones.com.vn/realme-gt-5-pro.html,hang-sap-ve
iPad Gen 11,0,0,0,https://cellphones.com.vn/ipad-10-9-inch-2023.html,hang-sap-ve
TECNO Camon 30,0,0,0,https://cellphones.com.vn/tecno-camon-30.html,hang-sap-ve
HTC Wildfire E3 Lite,0,0,0,https://cellphones.com.vn/htc-wildfire-e3-lite.html,hang-sap-ve
OPPO Find X6 Pro,0,0,0,https://cellphones.com.vn/oppo-find-x6-pro.html,hang-sap-ve
OPPO Find X7 Pro,0,0,0,https://cellphones.com.vn/oppo-find-x7-pro.html,hang-sap-ve
Samsung Galaxy Z Fold 6,0,0,0,https://cellphones.com.vn/samsung-galaxy-z-fold-6.html,hang-sap-ve
Google Pixel Fold,0,0,0,https://cellphones.com.vn/google-pixel-fold.html,hang-sap-ve
vivo X90 Pro,0,0,0,https://cellphones.com.vn/vivo-x90-pro.html,hang-sap-ve
Infinix Hot 40 Pro,0,0,0,https://cellphones.com.vn/dien-thoai-infinix-hot-40-pro.html,hang-sap-ve
Oppo K3,0,0,0,https://cellphones.com.vn/oppo-k3.html,hang-sap-ve
Google Pixel 3,0,0,0,https://cellphones.com.vn/google-pixel-3.html,hang-sap-ve
vivo Pad 2,0,0,0,https://cellphones.com.vn/vivo-pad-2.html,hang-sap-ve
Xiaomi Redmi K70,0,0,0,https://cellphones.com.vn/xiaomi-redmi-k70.html,hang-sap-ve
Honor 90 Pro,0,0,0,https://cellphones.com.vn/honor-90-pro.html,hang-sap-ve
Realme V30t,0,0,0,https://cellphones.com.vn/realme-v30t.html,hang-sap-ve
ASUS ROG Phone 4,0,0,0,https://cellphones.com.vn/asus-rog-phone-4.html,hang-sap-ve
Nothing Phone 2,0,0,0,https://cellphones.com.vn/nothing-phone-2.html,hang-sap-ve
Huawei Nova 12 Pro,0,0,0,https://cellphones.com.vn/huawei-nova-12-pro.html,hang-sap-ve
vivo X100 Pro,0,0,0,https://cellphones.com.vn/dien-thoai-vivo-x100-pro.html,hang-sap-ve
OPPO A1x,0,0,0,https://cellphones.com.vn/oppo-a1x.html,hang-sap-ve
Honor X50i+,0,0,0,https://cellphones.com.vn/honor-x50i-plus.html,hang-sap-ve
Honor X5 Plus,0,0,0,https://cellphones.com.vn/honor-x5-plus.html,hang-sap-ve
Honor X40 5G,0,0,0,https://cellphones.com.vn/honor-x40.html,hang-sap-ve
Samsung Galaxy Z Flip 6,0,0,0,https://cellphones.com.vn/samsung-galaxy-z-flip-6.html,hang-sap-ve
Samsung Galaxy Book 3 Pro,0,0,0,https://cellphones.com.vn/laptop-samsung-galaxy-book3-pro.html,hang-sap-ve
Google Pixel 5,0,0,0,https://cellphones.com.vn/google-pixel-5.html,hang-sap-ve
INOI 288S 4G,0,0,0,https://cellphones.com.vn/dien-thoai-inoi-288s.html,hang-sap-ve
Vivo X90 Pro Plus,0,0,0,https://cellphones.com.vn/vivo-x90-pro-plus.html,hang-sap-ve
Vivo iQOO 12,0,0,0,https://cellphones.com.vn/vivo-iqoo-12.html,hang-sap-ve
Xiaomi Redmi K70e,0,0,0,https://cellphones.com.vn/xiaomi-redmi-k70e.html,hang-sap-ve
Xiaomi Redmi Note 12 Pro+,0,0,0,https://cellphones.com.vn/xiaomi-redmi-note-12-pro-plus.html,hang-sap-ve
Vivo Y81,0,0,0,https://cellphones.com.vn/vivo-y81.html,hang-sap-ve
Xiaomi Black Shark 6,0,0,0,https://cellphones.com.vn/xiaomi-black-shark-6.html,hang-sap-ve
Google Pixel 6 Pro,0,0,0,https://cellphones.com.vn/google-pixel-6-pro.html,hang-sap-ve
OPPO A1 Pro,0,0,0,https://cellphones.com.vn/oppo-a1-pro.html,hang-sap-ve
Vivo X100,0,0,0,https://cellphones.com.vn/vivo-x100.html,hang-sap-ve
Google Pixel 4 XL,0,0,0,https://cellphones.com.vn/google-pixel-4-xl.html,hang-sap-ve
Huawei P50 Pro,0,0,0,https://cellphones.com.vn/huawei-p50-pro.html,hang-sap-ve
OnePlus 11 Pro,0,0,0,https://cellphones.com.vn/oneplus-11-pro.html,hang-sap-ve
ASUS ROG Phone 6D,0,0,0,https://cellphones.com.vn/asus-rog-phone-6d.html,hang-sap-ve
Xiaomi Redmi K50 Pro,0,0,0,https://cellphones.com.vn/xiaomi-redmi-k50-pro.html,hang-sap-ve
Vivo Y56,0,0,0,https://cellphones.com.vn/vivo-y56.html,hang-sap-ve
Xiaomi Redmi K50 Pro,0,0,0,https://cellphones.com.vn/xiaomi-redmi-k50-pro.html,hang-sap-ve
OPPO Reno11 Pro,0,0,0,https://cellphones.com.vn/oppo-reno11-pro.html,hang-sap-ve
Xiaomi Black Shark 6 Pro,0,0,0,https://cellphones.com.vn/xiaomi-black-shark-6-pro.html,hang-sap-ve
Samsung Galaxy Book 3 Pro 360,0,0,0,https://cellphones.com.vn/laptop-samsung-galaxy-book3-pro-360.html,hang-sap-ve
OPPO Reno11,0,0,0,https://cellphones.com.vn/oppo-reno11.html,hang-sap-ve
Huawei P60,0,0,0,https://cellphones.com.vn/huawei-p60.html,hang-sap-ve
Xiaomi Poco F4 GT,0,0,0,https://cellphones.com.vn/xiaomi-poco-f4-gt.html,hang-sap-ve
Sharp Aquos R8,0,0,0,https://cellphones.com.vn/sharp-aquos-r8.html,hang-sap-ve
Loa Bluetooth JBL Pulse 6,0,0,0,https://cellphones.com.vn/loa-bluetooth-jbl-pulse-6.html,hang-sap-ve
Asus ROG Phone 7 Pro,0,0,0,https://cellphones.com.vn/asus-rog-phone-7-pro.html,hang-sap-ve
Honor X8A,0,0,0,https://cellphones.com.vn/honor-x8a.html,hang-sap-ve
Realme GT Neo 5 Pro,0,0,0,https://cellphones.com.vn/realme-gt-neo-5-pro.html,hang-sap-ve
Itel A70,0,0,0,https://cellphones.com.vn/itel-a70.html,hang-sap-ve
INOI A72 4GB 128GB,0,0,0,https://cellphones.com.vn/dien-thoai-inoi-a72.html,hang-sap-ve
Redmi Note 11R,0,0,0,https://cellphones.com.vn/redmi-note-11r.html,hang-sap-ve
OPPO A58 8GB 256GB,0,0,0,https://cellphones.com.vn/oppo-a58-256gb.html,hang-sap-ve
Vivo Nex 3,0,0,0,https://cellphones.com.vn/vivo-nex-3.html,hang-sap-ve
Motorola Razr 40 Ultra,0,0,0,https://cellphones.com.vn/motorola-razr-40-ultra.html,hang-sap-ve
Vivo V27,0,0,0,https://cellphones.com.vn/vivo-v27.html,hang-sap-ve
Xiaomi Redmi Note 12R Pro,0,0,0,https://cellphones.com.vn/xiaomi-redmi-note-12r-pro.html,hang-sap-ve
OPPO Reno9 Pro Plus,0,0,0,https://cellphones.com.vn/oppo-reno-9-pro-plus.html,hang-sap-ve
ViVo iQOO 10 Pro,0,0,0,https://cellphones.com.vn/vivo-iqoo-10-pro.html,hang-sap-ve
Masstel Hapi 30,0,0,0,https://cellphones.com.vn/masstel-hapi-30.html,hang-sap-ve
Xiaomi Mi 10 Ultra,0,0,0,https://cellphones.com.vn/xiaomi-mi-10-ultra.html,hang-sap-ve
Tai nghe Bluetooth Gaming X15,0,0,0,https://cellphones.com.vn/tai-nghe-bluetooth-x15.html,hang-sap-ve
Motorola Edge plus,0,0,0,https://cellphones.com.vn/motorola-edge-plus.html,hang-sap-ve
Vivo Y97,0,0,0,https://cellphones.com.vn/vivo-y97.html,hang-sap-ve
Redmi K60 Ultra,0,0,0,https://cellphones.com.vn/redmi-k60-ultra.html,hang-sap-ve
Infinix Zero 5G,0,0,0,https://cellphones.com.vn/infinix-zero-5g.html,hang-sap-ve
Infinix Hot 40,0,0,0,https://cellphones.com.vn/dien-thoai-infinix-hot-40.html,hang-sap-ve
Xiaomi Redmi K40 Pro+,0,0,0,https://cellphones.com.vn/xiaomi-redmi-k40-pro-plus.html,hang-sap-ve
Vivo Y66,0,0,0,https://cellphones.com.vn/vivo-y66.html,hang-sap-ve
OPPO K10x,0,0,0,https://cellphones.com.vn/oppo-k10x.html,hang-sap-ve
Nokia X30 5G,0,0,0,https://cellphones.com.vn/nokia-x30.html,hang-sap-ve
Realme Narzo 50i Prime,0,0,0,https://cellphones.com.vn/realme-narzo-50i-prime.html,hang-sap-ve
OPPO A2m,0,0,0,https://cellphones.com.vn/oppo-a2m.html,hang-sap-ve
ROG Phone 6D Ultimate,0,0,0,https://cellphones.com.vn/asus-rog-phone-6d-ultimate.html,hang-sap-ve
vivo IQOO Neo 8,0,0,0,https://cellphones.com.vn/vivo-iqoo-neo-8.html,hang-sap-ve
Asus ROG Phone 6 Ultimate,0,0,0,https://cellphones.com.vn/asus-rog-phone-6-ultimate.html,hang-sap-ve
Vivo V29,0,0,0,https://cellphones.com.vn/vivo-v29.html,hang-sap-ve
Google Pixel 2 XL,0,0,0,https://cellphones.com.vn/google-pixel-2-xl.html,hang-sap-ve
Leitz Phone 2,0,0,0,https://cellphones.com.vn/leitz-phone-2.html,hang-sap-ve
Lenovo Legion Y70,0,0,0,https://cellphones.com.vn/lenovo-legion-y70.html,hang-sap-ve
Infinix Hot 20 Play,0,0,0,https://cellphones.com.vn/infinix-hot-20-play.html,hang-sap-ve
realme C67 8GB 256GB,0,0,0,https://cellphones.com.vn/dien-thoai-realme-c67-8gb-256gb.html,hang-sap-ve
Xiaomi CIVI 3,0,0,0,https://cellphones.com.vn/xiaomi-civi-3.html,hang-sap-ve
OPPO A98,0,0,0,https://cellphones.com.vn/oppo-a98.html,hang-sap-ve
Google Pixel 4a,0,0,0,https://cellphones.com.vn/google-pixel-4a.html,hang-sap-ve
ZenFone 10,0,0,0,https://cellphones.com.vn/asus-zenfone-10.html,hang-sap-ve
Vivo iQOO Neo 8 Pro,0,0,0,https://cellphones.com.vn/vivo-iqoo-neo-8-pro.html,hang-sap-ve
Vivo V26 Pro,0,0,0,https://cellphones.com.vn/vivo-v26-pro.html,hang-sap-ve
Xiaomi 14 Lite,0,0,0,https://cellphones.com.vn/xiaomi-14-lite.html,hang-sap-ve
OPPO A56,0,0,0,https://cellphones.com.vn/oppo-a56.html,hang-sap-ve
Realme V30,0,0,0,https://cellphones.com.vn/realme-v30.html,hang-sap-ve
Google Pixel 2,0,0,0,https://cellphones.com.vn/google-pixel-2.html,hang-sap-ve
Lenovo Xiaoxin Pad Pro 2022,0,0,0,https://cellphones.com.vn/lenovo-xiaoxin-pad-pro-2022.html,hang-sap-ve
Điện thoại Tecno Pova 6,0,0,0,https://cellphones.com.vn/tecno-pova-6.html,hang-sap-ve
realme 12 Pro,0,0,0,https://cellphones.com.vn/dien-thoai-realme-12-pro.html,hang-sap-ve
OPPO A98 5G,0,0,0,https://cellphones.com.vn/oppo-a98-5g.html,hang-sap-ve
Infinix Zero 30,0,0,0,https://cellphones.com.vn/infinix-zero-30.html,hang-sap-ve
Loa Bluetooth Harman Kardon Onyx Studio 9,0,0,0,https://cellphones.com.vn/loa-bluetooth-harman-kardon-studio-9.html,hang-sap-ve
Motorola Moto E13,0,0,0,https://cellphones.com.vn/motorola-moto-e13.html,hang-sap-ve
Vivo V27 Pro,0,0,0,https://cellphones.com.vn/vivo-v27-pro.html,hang-sap-ve
Huawei Mate 40E,0,0,0,https://cellphones.com.vn/huawei-mate-40e.html,hang-sap-ve
Realme GT Neo,0,0,0,https://cellphones.com.vn/realme-gt-neo.html,hang-sap-ve
vivo y100i,0,0,0,https://cellphones.com.vn/dien-thoai-vivo-y100i.html,hang-sap-ve
Sony Xperia 5 IV,0,0,0,https://cellphones.com.vn/sony-xperia-5-iv.html,hang-sap-ve
Honor 90,0,0,0,https://cellphones.com.vn/honor-90.html,hang-sap-ve
Huawei P50 Pocket S,0,0,0,https://cellphones.com.vn/huawei-p50-pocket-s.html,hang-sap-ve
vivo Y22,0,0,0,https://cellphones.com.vn/vivo-y22.html,hang-sap-ve
Masstel Izi 26 4G,0,0,0,https://cellphones.com.vn/masstel-izi-26-4g.html,hang-sap-ve
Vivo S16,0,0,0,https://cellphones.com.vn/vivo-s16.html,hang-sap-ve
ViVo iQOO 10,0,0,0,https://cellphones.com.vn/vivo-iqoo-10.html,hang-sap-ve
Vivo Y95,0,0,0,https://cellphones.com.vn/vivo-y95.html,hang-sap-ve
Redmi Note 12T Pro,0,0,0,https://cellphones.com.vn/redmi-note-12t-pro.html,hang-sap-ve
Vivo V29 Pro,0,0,0,https://cellphones.com.vn/vivo-v29-pro.html,hang-sap-ve
OPPO Reno9 Z,0,0,0,https://cellphones.com.vn/oppo-reno9-z.html,hang-sap-ve
ZTE Nubia Z50 Ultra,0,0,0,https://cellphones.com.vn/zte-nubia-z50-ultra.html,hang-sap-ve
Vivo Y30 5G,0,0,0,https://cellphones.com.vn/vivo-y30-5g.html,hang-sap-ve
Vivo Y30 5G,0,0,0,https://cellphones.com.vn/vivo-y30-5g.html,hang-sap-ve
Honor Magic V2,0,0,0,https://cellphones.com.vn/honor-magic-v2.html,hang-sap-ve
realme 12,0,0,0,https://cellphones.com.vn/dien-thoai-realme-12.html,hang-sap-ve
Motorola Moto G73,0,0,0,https://cellphones.com.vn/motorola-moto-g73.html,hang-sap-ve
Honor X7a,0,0,0,https://cellphones.com.vn/honor-x7a.html,hang-sap-ve
Honor 80 Pro,0,0,0,https://cellphones.com.vn/honor-80-pro.html,hang-sap-ve
Realme 10 Pro,0,0,0,https://cellphones.com.vn/realme-10-pro.html,hang-sap-ve
Vivo iQOO 11s,0,0,0,https://cellphones.com.vn/vivo-iqoo-11s.html,hang-sap-ve
Xiaomi Mi MIX Fold 2,0,0,0,https://cellphones.com.vn/xiaomi-mi-mix-fold-2.html,hang-sap-ve
OPPO A2 Pro,0,0,0,https://cellphones.com.vn/oppo-a2-pro.html,hang-sap-ve
OPPO A97,0,0,0,https://cellphones.com.vn/oppo-a97.html,hang-sap-ve
Realme 11 Pro Plus,0,0,0,https://cellphones.com.vn/realme-11-pro-plus.html,hang-sap-ve
Vivo X80 Pro Plus,0,0,0,https://cellphones.com.vn/vivo-x80-pro-plus.html,hang-sap-ve
Google Pixel 5a,0,0,0,https://cellphones.com.vn/google-pixel-5-a.html,hang-sap-ve
Honor X6,0,0,0,https://cellphones.com.vn/honor-x6.html,hang-sap-ve
Huawei Enjoy 60X,0,0,0,https://cellphones.com.vn/huawei-enjoy-60x.html,hang-sap-ve
Vivo Y01,0,0,0,https://cellphones.com.vn/vivo-y01.html,hang-sap-ve
Realme Narzo N53,0,0,0,https://cellphones.com.vn/realme-narzo-n53.html,hang-sap-ve
Infinix Hot 40i,0,0,0,https://cellphones.com.vn/dien-thoai-infinix-hot-40i.html,hang-sap-ve
INOI A83 6GB 128GB,0,0,0,https://cellphones.com.vn/dien-thoai-inoi-a83.html,hang-sap-ve
Vivo S1,0,0,0,https://cellphones.com.vn/vivo-s1.html,hang-sap-ve
Masstel Play 50,0,0,0,https://cellphones.com.vn/masstel-play-50.html,hang-sap-ve
Xiaomi POCO C51,0,0,0,https://cellphones.com.vn/xiaomi-poco-c51.html,hang-sap-ve
Google Pixel 3 XL,0,0,0,https://cellphones.com.vn/google-pixel-3-xl.html,hang-sap-ve
Lenovo Tab M9,0,0,0,https://cellphones.com.vn/lenovo-tab-m9.html,hang-sap-ve
Samsung Galaxy F54 5G,0,0,0,https://cellphones.com.vn/samsung-galaxy-f54-5g.html,hang-sap-ve
OPPO A2,0,0,0,https://cellphones.com.vn/oppo-a2.html,hang-sap-ve
Xiaomi Redmi Note 13 8GB 128GB,0,0,0,https://cellphones.com.vn/xiaomi-redmi-note-13-8gb.html,hang-sap-ve
Masstel Tab 10A,0,0,0,https://cellphones.com.vn/masstel-tab-10a.html,hang-sap-ve
Realme GT Neo 6,0,0,0,https://cellphones.com.vn/realme-gt-neo-6.html,hang-sap-ve
Xiaomi Redmi Note 13R Pro,0,0,0,https://cellphones.com.vn/dien-thoai-xiaomi-redmi-note-13r-pro.html,hang-sap-ve
Xiaomi Redmi Pad SE 6GB 128GB,0,0,0,https://cellphones.com.vn/xiaomi-redmi-pad-se-6gb-128gb.html,hang-sap-ve
realme 12 Pro plus,0,0,0,https://cellphones.com.vn/dien-thoai-realme-12-pro-plus.html,hang-sap-ve
Vivo V9,0,0,0,https://cellphones.com.vn/vivo-v9.html,hang-sap-ve
Vivo Y67,0,0,0,https://cellphones.com.vn/vivo-y67.html,hang-sap-ve
Blackview Active 8 Pro,0,0,0,https://cellphones.com.vn/blackview-active-8-pro.html,hang-sap-ve
vivo X Fold2,0,0,0,https://cellphones.com.vn/vivo-x-fold-2.html,hang-sap-ve
Tai nghe chụp tai Logitech G733,0,0,0,https://cellphones.com.vn/tai-nghe-chup-tai-logitech-g733.html,hang-sap-ve
Vivo X70 Pro+,0,0,0,https://cellphones.com.vn/vivo-x70-pro-plus.html,hang-sap-ve
realme C67 8GB 128GB,0,0,0,https://cellphones.com.vn/dien-thoai-realme-c67-8gb-128gb.html,hang-sap-ve
realme C67 8GB 128GB,0,0,0,https://cellphones.com.vn/dien-thoai-realme-c67-8gb-128gb.html,hang-sap-ve
Motorola Moto G22,0,0,0,https://cellphones.com.vn/motorola-moto-g22.html,hang-sap-ve
Motorola Moto G13,0,0,0,https://cellphones.com.vn/motorola-moto-g13.html,hang-sap-ve
Huawei Pocket S,0,0,0,https://cellphones.com.vn/huawei-pocket-s.html,hang-sap-ve
Vivo X Fold Plus,0,0,0,https://cellphones.com.vn/vivo-x-fold-plus.html,hang-sap-ve
Honor Tab 8,0,0,0,https://cellphones.com.vn/honor-tab-8.html,hang-sap-ve
Huawei Nova 11 SE,0,0,0,https://cellphones.com.vn/huawei-pova-11-se.html,hang-sap-ve
Doogee V30 Pro,0,0,0,https://cellphones.com.vn/doogee-v30-pro.html,hang-sap-ve
Xiaomi Redmi A2+,0,0,0,https://cellphones.com.vn/xiaomi-redmi-a2-plus.html,hang-sap-ve
Nothing Phone 1,0,0,0,https://cellphones.com.vn/nothing-phone-1.html,hang-sap-ve
Realme 9i 5G,0,0,0,https://cellphones.com.vn/realme-9i-5g.html,hang-sap-ve
vivo iQOO Z7i,0,0,0,https://cellphones.com.vn/vivo-iqoo-z7i.html,hang-sap-ve
realme 11X 5G,0,0,0,https://cellphones.com.vn/realme-11x-5g.html,hang-sap-ve
Vivo X Fold 3,0,0,0,https://cellphones.com.vn/vivo-x-fold-3.html,hang-sap-ve
Masstel Tab 10.4,0,0,0,https://cellphones.com.vn/masstel-tab-10-4.html,hang-sap-ve
Motorola Rizr Rollable,0,0,0,https://cellphones.com.vn/motorola-rizr-rollable.html,hang-sap-ve
iQOO 11 Pro,0,0,0,https://cellphones.com.vn/iqoo-11-pro.html,hang-sap-ve
Samsung Galaxy M44,0,0,0,https://cellphones.com.vn/samsung-galaxy-m44.html,hang-sap-ve
Vivo S17,0,0,0,https://cellphones.com.vn/vivo-s17.html,hang-sap-ve
Vivo iQOO Z7x,0,0,0,https://cellphones.com.vn/vivo-iqoo-z7x.html,hang-sap-ve
Vivo S17,0,0,0,https://cellphones.com.vn/vivo-s17.html,hang-sap-ve
OPPO K11x,0,0,0,https://cellphones.com.vn/oppo-k11x.html,hang-sap-ve
OPPO K11,0,0,0,https://cellphones.com.vn/oppo-k11.html,hang-sap-ve
HTC U23 Pro,0,0,0,https://cellphones.com.vn/htc-u23-pro.html,hang-sap-ve
Nokia T10,0,0,0,https://cellphones.com.vn/nokia-t10.html,hang-sap-ve
ASUS ROG Phone 7D,0,0,0,https://cellphones.com.vn/asus-rog-phone-7d.html,hang-sap-ve
Masstel Hapi 15,0,0,0,https://cellphones.com.vn/masstel-hapi-15.html,hang-sap-ve
OPPO Reno10 Z,0,0,0,https://cellphones.com.vn/oppo-reno10-z.html,hang-sap-ve
Vivo iQOO 9T,0,0,0,https://cellphones.com.vn/vivo-iqoo-9t.html,hang-sap-ve
Google Pixel 6a,0,0,0,https://cellphones.com.vn/google-pixel-6-a.html,hang-sap-ve
Oppo F17 Pro,0,0,0,https://cellphones.com.vn/oppo-f17-pro.html,hang-sap-ve
Samsung Galaxy A9 Pro 2018,0,0,0,https://cellphones.com.vn/samsung-galaxy-a9-pro-2018-chinh-hang.html,hang-sap-ve
Moto G Power 5G,0,0,0,https://cellphones.com.vn/moto-g-power-5g.html,hang-sap-ve
Vivo S16 Pro,0,0,0,https://cellphones.com.vn/vivo-s16-pro.html,hang-sap-ve
OPPO Find X6,0,0,0,https://cellphones.com.vn/oppo-find-x6.html,hang-sap-ve
Huawei Nova Y70 Plus,0,0,0,https://cellphones.com.vn/huawei-nova-y70-plus.html,hang-sap-ve
HTC A104,0,0,0,https://cellphones.com.vn/htc-a104.html,hang-sap-ve
Samsung Galaxy S24 FE,0,0,0,https://cellphones.com.vn/dien-thoai-samsung-galaxy-s24-fe.html,hang-sap-ve
iQOO Neo 7,0,0,0,https://cellphones.com.vn/vivo-iqoo-neo-7.html,hang-sap-ve
Samsung Galaxy Tab S8 Ultra 12GB 512GB,0,0,0,https://cellphones.com.vn/samsung-galaxy-tab-s8-ultra-512gb.html,hang-sap-ve
Motorola Moto G23,0,0,0,https://cellphones.com.vn/motorola-moto-g23.html,hang-sap-ve
iPhone 16,0,0,0,https://cellphones.com.vn/iphone-16.html,hang-sap-ve
Samsung Galaxy A9 Pro 2018,0,0,0,https://cellphones.com.vn/samsung-galaxy-a9-pro-2018-chinh-hang.html,hang-sap-ve
Huawei Nova Y70 Plus,0,0,0,https://cellphones.com.vn/huawei-nova-y70-plus.html,hang-sap-ve
realme GT 5 Pro SE,0,0,0,https://cellphones.com.vn/realme-gt-5-pro-se.html,hang-sap-ve
Realme C55 8GB 128GB,0,0,0,https://cellphones.com.vn/realme-c55-8gb-128gb-54813.html,hang-sap-ve
Honor Magic 2,0,0,0,https://cellphones.com.vn/honor-magic-2.html,hang-sap-ve
Vivo Y22T,0,0,0,https://cellphones.com.vn/vivo-y22t.html,hang-sap-ve
Doogee S100 Pro,0,0,0,https://cellphones.com.vn/doogee-s100-pro.html,hang-sap-ve
Huawei Nova 11i,0,0,0,https://cellphones.com.vn/huawei-nova-11i.html,hang-sap-ve
Huawei Nova Y91,0,0,0,https://cellphones.com.vn/huawei-nova-y91.html,hang-sap-ve
Vivo Y85,0,0,0,https://cellphones.com.vn/vivo-y85.html,hang-sap-ve
Blackview N6000,0,0,0,https://cellphones.com.vn/blackview-n6000.html,hang-sap-ve
OPPO A1,0,0,0,https://cellphones.com.vn/oppo-a1.html,hang-sap-ve
Vivo S17 Pro,0,0,0,https://cellphones.com.vn/vivo-s17-pro.html,hang-sap-ve
OPPO A56s,0,0,0,https://cellphones.com.vn/oppo-a56s.html,hang-sap-ve
Xiaomi Redmi 11 Prime 5G,0,0,0,https://cellphones.com.vn/xiaomi-redmi-11-prime-5g.html,hang-sap-ve
Xiaomi Redmi Note 11SE,0,0,0,https://cellphones.com.vn/xiaomi-redmi-note-11se.html,hang-sap-ve
Samsung Galaxy F34 5G,0,0,0,https://cellphones.com.vn/samsung-galaxy-f34.html,hang-sap-ve
HTC Wildfire E Star,0,0,0,https://cellphones.com.vn/htc-wildfire-e-star.html,hang-sap-ve
Masstel X5,0,0,0,https://cellphones.com.vn/masstel-x5.html,hang-sap-ve
Đồng hồ thông minh Y92,0,0,0,https://cellphones.com.vn/dong-ho-thong-minh-y92.html,hang-sap-ve
OnePlus Nord CE 2 Lite 5G,0,0,0,https://cellphones.com.vn/oneplus-nord-ce-2-lite.html,hang-sap-ve
Honor X40i,0,0,0,https://cellphones.com.vn/honor-x40i.html,hang-sap-ve
Samsung Galaxy F34 5G,0,0,0,https://cellphones.com.vn/samsung-galaxy-f34.html,hang-sap-ve
HTC Wildfire E Star,0,0,0,https://cellphones.com.vn/htc-wildfire-e-star.html,hang-sap-ve
Honor 90 512GB,0,0,0,https://cellphones.com.vn/honor-90-512gb.html,hang-sap-ve
Vivo iQOO Z7,0,0,0,https://cellphones.com.vn/vivo-iqoo-z7.html,hang-sap-ve
OPPO Reno9 Lite,0,0,0,https://cellphones.com.vn/oppo-reno9-lite.html,hang-sap-ve
Vivo X90S,0,0,0,https://cellphones.com.vn/vivo-x90s.html,hang-sap-ve
Huawei Enjoy 60 Pro,0,0,0,https://cellphones.com.vn/huawei-enjoy-60-pro.html,hang-sap-ve
OPPO F23 5G,0,0,0,https://cellphones.com.vn/oppo-f23-5g.html,hang-sap-ve
Nokia Hero 5G,0,0,0,https://cellphones.com.vn/nokia-hero-5g.html,hang-sap-ve
Google Tivi Khung Tranh Coocaa QLED P6E 55 inch,0,0,0,https://cellphones.com.vn/google-tivi-khung-tranh-coocaa-p6e-qled-55-inch.html,hang-sap-ve
realme 10T,0,0,0,https://cellphones.com.vn/realme-10t.html,hang-sap-ve
Nokia C02,0,0,0,https://cellphones.com.vn/nokia-c02.html,hang-sap-ve
Redmi 11A,0,0,0,https://cellphones.com.vn/redmi-11a.html,hang-sap-ve
Honor 80 Pro Plus,0,0,0,https://cellphones.com.vn/honor-80-pro-plus.html,hang-sap-ve
Vivo Y100,0,0,0,https://cellphones.com.vn/vivo-y100.html,hang-sap-ve
Oneplus Nord CE2,0,0,0,https://cellphones.com.vn/oneplus-nord-ce-2.html,hang-sap-ve
Honor 80 Pro Plus,0,0,0,https://cellphones.com.vn/honor-80-pro-plus.html,hang-sap-ve
Loa Bluetooth JBL Boombox 4,0,0,0,https://cellphones.com.vn/loa-bluetooth-jbl-boombox-4.html,hang-sap-ve
Tai nghe chụp tai Razer Barracuda X,0,0,0,https://cellphones.com.vn/tai-nghe-chup-tai-razer-barracuda-x.html,hang-sap-ve
Masstel Lux 20,0,0,0,https://cellphones.com.vn/masstel-lux-20.html,hang-sap-ve
masstel izi 300,0,0,0,https://cellphones.com.vn/masstel-izi-300.html,hang-sap-ve
Xiaomi POCO C55,0,0,0,https://cellphones.com.vn/xiaomi-poco-c55.html,hang-sap-ve
iQOO Neo 7 Pro,0,0,0,https://cellphones.com.vn/vivo-iqoo-neo-7-pro.html,hang-sap-ve
Honor Play 30,0,0,0,https://cellphones.com.vn/honor-play-30.html,hang-sap-ve
OPPO A1s 4GB,0,0,0,https://cellphones.com.vn/oppo-a1s-4gb.html,hang-sap-ve
OPPO A2x,0,0,0,https://cellphones.com.vn/oppo-a2x.html,hang-sap-ve
Vivo V7,0,0,0,https://cellphones.com.vn/vivo-v7.html,hang-sap-ve
Blackview A95,0,0,0,https://cellphones.com.vn/blackview-a95.html,hang-sap-ve
Honor X50i,0,0,0,https://cellphones.com.vn/honor-x50i.html,hang-sap-ve
OPPO F23 Pro,0,0,0,https://cellphones.com.vn/oppo-f23-pro.html,hang-sap-ve
Vivo Y91,0,0,0,https://cellphones.com.vn/vivo-y91.html,hang-sap-ve
ZTE Axon 30S,0,0,0,https://cellphones.com.vn/nubia-zte-axon-30s.html,hang-sap-ve
Realme Narzo N55,0,0,0,https://cellphones.com.vn/realme-narzo-n55.html,hang-sap-ve
Xiaomi Black Shark 6 RS,0,0,0,https://cellphones.com.vn/xiaomi-black-shark-6-rs.html,hang-sap-ve
Masstel Izi 25 4G,0,0,0,https://cellphones.com.vn/masstel-izi-25-4g.html,hang-sap-ve
Realme V20 5G,0,0,0,https://cellphones.com.vn/realme-v20.html,hang-sap-ve
OPPO F21s Pro,0,0,0,https://cellphones.com.vn/oppo-f21s-pro.html,hang-sap-ve
Realme V20 5G,0,0,0,https://cellphones.com.vn/realme-v20.html,hang-sap-ve
Huawei Enjoy 20 Plus,0,0,0,https://cellphones.com.vn/huawei-enjoy-20-plus.html,hang-sap-ve
Vivo S16e,0,0,0,https://cellphones.com.vn/vivo-s16e.html,hang-sap-ve
Đồng hồ thông minh T500 Pro,0,0,0,https://cellphones.com.vn/dong-ho-thong-minh-t500-pro.html,hang-sap-ve
Oppo F19 Pro Plus,0,0,0,https://cellphones.com.vn/oppo-f19-pro-plus.html,hang-sap-ve
Vsmart Lux,0,0,0,https://cellphones.com.vn/vsmart-lux.html,hang-sap-ve
Doogee V30T,0,0,0,https://cellphones.com.vn/doogee-v30t.html,hang-sap-ve
Xiaomi Redmi A3,0,0,0,https://cellphones.com.vn/dien-thoai-xiaomi-redmi-a3.html,hang-sap-ve
Samsung Galaxy Tab S8 Ultra 12GB 1TB,0,0,0,https://cellphones.com.vn/samsung-galaxy-tab-s8-ultra-1tb.html,hang-sap-ve
Vivo Y11 4G,0,0,0,https://cellphones.com.vn/vivo-y11-4g.html,hang-sap-ve
Lenovo ThinkPhone,0,0,0,https://cellphones.com.vn/lenovo-thinkphone.html,hang-sap-ve
Huawei Nova 10z,0,0,0,https://cellphones.com.vn/huawei-nova-10z.html,hang-sap-ve
Redmi A1+,0,0,0,https://cellphones.com.vn/redmi-a1-plus.html,hang-sap-ve
Honor Pad X8 Lite,0,0,0,https://cellphones.com.vn/honor-pad-x8-lite.html,hang-sap-ve
iQOO 11,0,0,0,https://cellphones.com.vn/iqoo-11.html,hang-sap-ve
Masstel Hapi 10,0,0,0,https://cellphones.com.vn/masstel-hapi-10.html,hang-sap-ve
Vivo X80 Lite,0,0,0,https://cellphones.com.vn/vivo-x80-lite.html,hang-sap-ve
Tecno Pop 6 Pro,0,0,0,https://cellphones.com.vn/tecno-pop-6-pro.html,hang-sap-ve
Laptop Dell Latitude 7390,0,0,0,https://cellphones.com.vn/laptop-dell-latitude-7390.html,hang-sap-ve
Laptop Dell Latitude 7390,0,0,0,https://cellphones.com.vn/laptop-dell-latitude-7390.html,hang-sap-ve
Samsung Galaxy Tab S8 Ultra 12GB 1TB,0,0,0,https://cellphones.com.vn/samsung-galaxy-tab-s8-ultra-1tb.html,hang-sap-ve
Honor Play 40C,0,0,0,https://cellphones.com.vn/honor-play-40c.html,hang-sap-ve
Vivo V29 Lite 5G,0,0,0,https://cellphones.com.vn/vivo-v29-lite-5g.html,hang-sap-ve
Vivo S17t,0,0,0,https://cellphones.com.vn/vivo-s17t.html,hang-sap-ve
Samsung Galaxy Fold5,0,0,0,https://cellphones.com.vn/samsung-galaxy-z-fold-5-512gb.html,hang-sap-ve
vivo y78,0,0,0,https://cellphones.com.vn/vivo-y78.html,hang-sap-ve
Masstel x1,0,0,0,https://cellphones.com.vn/masstel-x1.html,hang-sap-ve
Masstel Tab 10,0,0,0,https://cellphones.com.vn/masstel-tab-10-4g.html,hang-sap-ve
Galaxy SmartTag 2,0,0,0,https://cellphones.com.vn/galaxy-smarttag-2.html,hang-sap-ve
HTC A102,0,0,0,https://cellphones.com.vn/htc-a102.html,hang-sap-ve
ASUS ROG Phone 8,0,0,0,https://cellphones.com.vn/asus-rog-phone-8.html,hang-sap-ve
OPPO PHF110,0,0,0,https://cellphones.com.vn/oppo-phf110.html,hang-sap-ve
Honor Play 7T,0,0,0,https://cellphones.com.vn/honor-play-7t.html,hang-sap-ve
realme C60 4GB 64GB,0,0,0,https://cellphones.com.vn/dien-thoai-realme-c60.html,hang-sap-ve
Vivo S17e,0,0,0,https://cellphones.com.vn/vivo-s17e.html,hang-sap-ve
Honor Play 7T Pro,0,0,0,https://cellphones.com.vn/honor-play-7t-pro.html,hang-sap-ve
Honor 70 Lite,0,0,0,https://cellphones.com.vn/honor-70-lite.html,hang-sap-ve
Masstel X9,0,0,0,https://cellphones.com.vn/masstel-x9.html,hang-sap-ve
masstel izi 20 4g,0,0,0,https://cellphones.com.vn/masstel-izi-20-4g.html,hang-sap-ve
Vivo S15e,0,0,0,https://cellphones.com.vn/vivo-s15e.html,hang-sap-ve
Realme V23 5G,0,0,0,https://cellphones.com.vn/realme-v23.html,hang-sap-ve
Xiaomi Redmi 10 Power,0,0,0,https://cellphones.com.vn/xiaomi-redmi-10-power.html,hang-sap-ve
ASUS ROG Phone 8,0,0,0,https://cellphones.com.vn/asus-rog-phone-8.html,hang-sap-ve
Samsung Galaxy M23,0,0,0,https://cellphones.com.vn/samsung-galaxy-m23.html,hang-sap-ve
Nubia Z40 Pro,0,0,0,https://cellphones.com.vn/nubia-z40-pro.html,hang-sap-ve
Oppo Reno7 SE,0,0,0,https://cellphones.com.vn/oppo-reno-7-se.html,hang-sap-ve
Vivo X60t Pro Plus,0,0,0,https://cellphones.com.vn/vivo-x60t-pro-plus.html,hang-sap-ve
Vivo X60t,0,0,0,https://cellphones.com.vn/vivo-x60t.html,hang-sap-ve
Vivo X60t Pro,0,0,0,https://cellphones.com.vn/vivo-x60t-pro.html,hang-sap-ve
Xiaomi 12 Lite Zoom,0,0,0,https://cellphones.com.vn/xiaomi-12-lite-zoom.html,hang-sap-ve
Xiaomi Redmi Note 11T 5G,0,0,0,https://cellphones.com.vn/xiaomi-redmi-note-11t.html,hang-sap-ve
Vivo Y74s,0,0,0,https://cellphones.com.vn/vivo-y74s.html,hang-sap-ve
OnePlus Nord 2 CE,0,0,0,https://cellphones.com.vn/oneplus-nord-2-ce.html,hang-sap-ve
OPPO K9x,0,0,0,https://cellphones.com.vn/oppo-k9x.html,hang-sap-ve
Realme GT 2,0,0,0,https://cellphones.com.vn/realme-gt-2.html,hang-sap-ve
Realme Narzo 9i,0,0,0,https://cellphones.com.vn/realme-narzo-9i.html,hang-sap-ve
Nokia 2760 Flip 4G,0,0,0,https://cellphones.com.vn/nokia-2760-flip.html,hang-sap-ve
Oppo R11 Pro,0,0,0,https://cellphones.com.vn/oppo-r11-pro.html,hang-sap-ve
Oppo Reno 5G,0,0,0,https://cellphones.com.vn/oppo-reno-5g.html,hang-sap-ve
Huawei Nova 8i,0,0,0,https://cellphones.com.vn/huawei-nova-8i.html,hang-sap-ve
Oppo A93s,0,0,0,https://cellphones.com.vn/oppo-a93s.html,hang-sap-ve
OnePlus 10 Pro,0,0,0,https://cellphones.com.vn/oneplus-10-pro.html,hang-sap-ve
Oppo K9 Pro,0,0,0,https://cellphones.com.vn/oppo-k9-pro.html,hang-sap-ve
Realme GT Neo 2,0,0,0,https://cellphones.com.vn/realme-gt-neo-2.html,hang-sap-ve
Vivo X70T Pro,0,0,0,https://cellphones.com.vn/vivo-x70t-pro.html,hang-sap-ve
OnePlus 9RT,0,0,0,https://cellphones.com.vn/oneplus-9rt.html,hang-sap-ve
Xiaomi Mi CC10,0,0,0,https://cellphones.com.vn/xiaomi-mi-cc10.html,hang-sap-ve
Nubia Z30 Pro,0,0,0,https://cellphones.com.vn/nubia-z30-pro.html,hang-sap-ve
Xiaomi Redmi K40 Light Luxury Edition,0,0,0,https://cellphones.com.vn/xiaomi-redmi-k40-light-luxury-edition.html,hang-sap-ve
Samsung Galaxy A42 5G,0,0,0,https://cellphones.com.vn/samsung-galaxy-a42-5g.html,hang-sap-ve
Nokia 4.3,0,0,0,https://cellphones.com.vn/nokia-43.html,hang-sap-ve
Oppo F17,0,0,0,https://cellphones.com.vn/oppo-f17.html,hang-sap-ve
Huawei Enjoy 20,0,0,0,https://cellphones.com.vn/huawei-enjoy-20.html,hang-sap-ve
Realme X3 Pro,0,0,0,https://cellphones.com.vn/realme-x3-pro.html,hang-sap-ve
Nokia 5.2,0,0,0,https://cellphones.com.vn/nokia-5-2.html,hang-sap-ve
Xiaomi 12 Lite Zoom,0,0,0,https://cellphones.com.vn/xiaomi-12-lite-zoom.html,hang-sap-ve
Xiaomi Redmi Note 11T 5G,0,0,0,https://cellphones.com.vn/xiaomi-redmi-note-11t.html,hang-sap-ve
Vivo Y74s,0,0,0,https://cellphones.com.vn/vivo-y74s.html,hang-sap-ve
Vivo X60t Pro,0,0,0,https://cellphones.com.vn/vivo-x60t-pro.html,hang-sap-ve
Vivo Y74s,0,0,0,https://cellphones.com.vn/vivo-y74s.html,hang-sap-ve
Vivo S7t,0,0,0,https://cellphones.com.vn/vivo-s7t.html,hang-sap-ve
Samsung Galaxy A82,0,0,0,https://cellphones.com.vn/samsung-galaxy-a82.html,hang-sap-ve
Realme V15,0,0,0,https://cellphones.com.vn/realme-v15.html,hang-sap-ve
Vsmart Bee 5,1590000,1590000,0,https://cellphones.com.vn/vsmart-bee-5.html,hang-sap-ve
Xiaomi Mi 11 Pro Plus,0,0,0,https://cellphones.com.vn/xiaomi-mi-11-pro-plus.html,hang-sap-ve
Vivo X60,0,0,0,https://cellphones.com.vn/vivo-x60.html,hang-sap-ve
Huawei Nova 8,0,0,0,https://cellphones.com.vn/huawei-nova-8.html,hang-sap-ve
Vivo Y52s,0,0,0,https://cellphones.com.vn/vivo-y52s.html,hang-sap-ve
Huawei Mate 50,0,0,0,https://cellphones.com.vn/huawei-mate-50.html,hang-sap-ve
Vivo Y31,0,0,0,https://cellphones.com.vn/vivo-y31.html,hang-sap-ve
Huawei Enjoy 20 SE,0,0,0,https://cellphones.com.vn/huawei-enjoy-20-se.html,hang-sap-ve
Samsung Galaxy M22s,0,0,0,https://cellphones.com.vn/samsung-galaxy-m22s.html,hang-sap-ve
Realme Ace,0,0,0,https://cellphones.com.vn/realme-ace.html,hang-sap-ve
Xiaomi Redmi 9 Power,0,0,0,https://cellphones.com.vn/xiaomi-redmi-9-power.html,hang-sap-ve
Oppo F19,0,0,0,https://cellphones.com.vn/oppo-f19.html,hang-sap-ve
Oppo Reno 5K,0,0,0,https://cellphones.com.vn/oppo-reno5-k.html,hang-sap-ve
Samsung Galaxy Note 21,0,0,0,https://cellphones.com.vn/samsung-galaxy-note-21.html,hang-sap-ve
Vsmart Joy 5,0,0,0,https://cellphones.com.vn/vsmart-joy-5.html,hang-sap-ve
Bphone 2021,0,0,0,https://cellphones.com.vn/bphone-2021.html,hang-sap-ve
Realme V23 5G,0,0,0,https://cellphones.com.vn/realme-v23.html,hang-sap-ve
Xiaomi Redmi 10 Power,0,0,0,https://cellphones.com.vn/xiaomi-redmi-10-power.html,hang-sap-ve
Realme Q5 Pro,0,0,0,https://cellphones.com.vn/realme-q5-pro.html,hang-sap-ve
OPPO K9x,0,0,0,https://cellphones.com.vn/oppo-k9x.html,hang-sap-ve
Realme GT 2,0,0,0,https://cellphones.com.vn/realme-gt-2.html,hang-sap-ve
Realme Narzo 9i,0,0,0,https://cellphones.com.vn/realme-narzo-9i.html,hang-sap-ve
Nokia 2760 Flip 4G,0,0,0,https://cellphones.com.vn/nokia-2760-flip.html,hang-sap-ve
Realme GT Neo 3T,0,0,0,https://cellphones.com.vn/realme-gt-neo-3t.html,hang-sap-ve
Xiaomi 12S,0,0,0,https://cellphones.com.vn/xiaomi-12s.html,hang-sap-ve
Nokia N73,0,0,0,https://cellphones.com.vn/nokia-n73.html,hang-sap-ve
Xiaomi Civi 2,0,0,0,https://cellphones.com.vn/xiaomi-civi-2.html,hang-sap-ve
vivo X Fold,0,0,0,https://cellphones.com.vn/vivo-x-fold.html,hang-sap-ve
Oppo K9s,0,0,0,https://cellphones.com.vn/oppo-k9s.html,hang-sap-ve
Xiaomi 12X,0,0,0,https://cellphones.com.vn/xiaomi-12x.html,hang-sap-ve
Vivo Y54s,0,0,0,https://cellphones.com.vn/vivo-y54s.html,hang-sap-ve
Realme GT 2 Fold,0,0,0,https://cellphones.com.vn/realme-gt-2-fold.html,hang-sap-ve
Vivo S12 Pro,0,0,0,https://cellphones.com.vn/vivo-s12-pro.html,hang-sap-ve
Oppo Reno6 Lite,0,0,0,https://cellphones.com.vn/oppo-reno-6-lite.html,hang-sap-ve
Oppo A55s,0,0,0,https://cellphones.com.vn/oppo-a55s.html,hang-sap-ve
Xiaomi Poco M4 Pro,0,0,0,https://cellphones.com.vn/xiaomi-poco-m4-pro.html,hang-sap-ve
Realme Q3s,0,0,0,https://cellphones.com.vn/realme-q3s.html,hang-sap-ve
Xiaomi Poco C31,0,0,0,https://cellphones.com.vn/xiaomi-poco-c31.html,hang-sap-ve
Nokia X100,0,0,0,https://cellphones.com.vn/nokia-x100.html,hang-sap-ve
OnePlus Ace Pro,0,0,0,https://cellphones.com.vn/oneplus-ace-pro.html,hang-sap-ve
Sharp Rouvo V,0,0,0,https://cellphones.com.vn/sharp-rouvo-v.html,hang-sap-ve
Xiaomi 12i HyperCharge,0,0,0,https://cellphones.com.vn/xiaomi-12i-hypercharge.html,hang-sap-ve
Tai nghe chụp tai Dareu EH416,0,0,0,https://cellphones.com.vn/tai-nghe-chup-tai-dareu-eh416.html,hang-sap-ve
Vivo X Fold S,0,0,0,https://cellphones.com.vn/vivo-x-fold-s.html,hang-sap-ve
ROG Phone 6 Pro,0,0,0,https://cellphones.com.vn/asus-rog-phone-6-pro.html,hang-sap-ve
Oppo Reno8 4G,0,0,0,https://cellphones.com.vn/oppo-reno-8-50226.html,hang-sap-ve
Xiaomi Mi Mix 4 Pro Max,0,0,0,https://cellphones.com.vn/xiaomi-mi-mix-4-pro-max.html,hang-sap-ve
Vivo S9e,0,0,0,https://cellphones.com.vn/vivo-s9e.html,hang-sap-ve
Xiaomi Mi Mix 4 Pro,0,0,0,https://cellphones.com.vn/xiaomi-mi-mix-4-pro.html,hang-sap-ve
Oppo F19 Pro,0,0,0,https://cellphones.com.vn/oppo-f19-pro.html,hang-sap-ve
Oppo F19,0,0,0,https://cellphones.com.vn/oppo-f19.html,hang-sap-ve
Samsung Galaxy Xcover 5,0,0,0,https://cellphones.com.vn/samsung-galaxy-xcover-5.html,hang-sap-ve
Vivo S7t,0,0,0,https://cellphones.com.vn/vivo-s7t.html,hang-sap-ve
Realme X9 Pro,0,0,0,https://cellphones.com.vn/realme-x9-pro.html,hang-sap-ve
OPPO Find X3 Lite,0,0,0,https://cellphones.com.vn/oppo-find-x3-lite.html,hang-sap-ve
Samsung Galaxy A82,0,0,0,https://cellphones.com.vn/samsung-galaxy-a82.html,hang-sap-ve
Realme X9 5G,0,0,0,https://cellphones.com.vn/realme-x9.html,hang-sap-ve
Vivo X60 Pro+,0,0,0,https://cellphones.com.vn/vivo-x60-pro-plus.html,hang-sap-ve
Realme V15,0,0,0,https://cellphones.com.vn/realme-v15.html,hang-sap-ve
Samsung Galaxy Note 21,0,0,0,https://cellphones.com.vn/samsung-galaxy-note-21.html,hang-sap-ve
Vivo Y31,0,0,0,https://cellphones.com.vn/vivo-y31.html,hang-sap-ve
Huawei Enjoy 20 SE,0,0,0,https://cellphones.com.vn/huawei-enjoy-20-se.html,hang-sap-ve
Xiaomi Mi 11 Pro Plus,0,0,0,https://cellphones.com.vn/xiaomi-mi-11-pro-plus.html,hang-sap-ve
Vivo X60,0,0,0,https://cellphones.com.vn/vivo-x60.html,hang-sap-ve
Huawei Nova 8,0,0,0,https://cellphones.com.vn/huawei-nova-8.html,hang-sap-ve
Vsmart Joy 5,0,0,0,https://cellphones.com.vn/vsmart-joy-5.html,hang-sap-ve
Bphone 2021,0,0,0,https://cellphones.com.vn/bphone-2021.html,hang-sap-ve
Vivo Y52s,0,0,0,https://cellphones.com.vn/vivo-y52s.html,hang-sap-ve
Realme Ace,0,0,0,https://cellphones.com.vn/realme-ace.html,hang-sap-ve
Realme Race,0,0,0,https://cellphones.com.vn/realme-race.html,hang-sap-ve
Xiaomi Redmi 9 Power,0,0,0,https://cellphones.com.vn/xiaomi-redmi-9-power.html,hang-sap-ve
Samsung Galaxy M22s,0,0,0,https://cellphones.com.vn/samsung-galaxy-m22s.html,hang-sap-ve
Realme Q3,0,0,0,https://cellphones.com.vn/realme-q3.html,hang-sap-ve
Asus Zenfone 8 Mini,0,0,0,https://cellphones.com.vn/asus-zenfone-8-mini.html,hang-sap-ve
Xiaomi Mi MIX Fold,0,0,0,https://cellphones.com.vn/xiaomi-mi-mix-fold.html,hang-sap-ve
Realme V13,0,0,0,https://cellphones.com.vn/realme-v13.html,hang-sap-ve
Realme V13,0,0,0,https://cellphones.com.vn/realme-v13.html,hang-sap-ve
ASUS ROG Phone 5 Ultimate,0,0,0,https://cellphones.com.vn/asus-rog-phone-5-ultimate.html,hang-sap-ve
ASUS ROG Phone 5 Pro,0,0,0,https://cellphones.com.vn/asus-rog-phone-5-pro.html,hang-sap-ve
Xiaomi Mi Mix 4 Pro Max,0,0,0,https://cellphones.com.vn/xiaomi-mi-mix-4-pro-max.html,hang-sap-ve
OPPO K9x,0,0,0,https://cellphones.com.vn/oppo-k9x.html,hang-sap-ve
Realme GT 2,0,0,0,https://cellphones.com.vn/realme-gt-2.html,hang-sap-ve
Realme Narzo 9i,0,0,0,https://cellphones.com.vn/realme-narzo-9i.html,hang-sap-ve
Nokia 2760 Flip 4G,0,0,0,https://cellphones.com.vn/nokia-2760-flip.html,hang-sap-ve
Samsung Galaxy A13 6GB 128GB,0,0,0,https://cellphones.com.vn/samsung-galaxy-a13-6gb.html,hang-sap-ve
Vivo Y21T,0,0,0,https://cellphones.com.vn/vivo-y21t.html,hang-sap-ve
Samsung Galaxy M23,0,0,0,https://cellphones.com.vn/samsung-galaxy-m23.html,hang-sap-ve
Xiaomi Redmi Note 11T 5G,0,0,0,https://cellphones.com.vn/xiaomi-redmi-note-11t.html,hang-sap-ve
OnePlus Nord 2 CE,0,0,0,https://cellphones.com.vn/oneplus-nord-2-ce.html,hang-sap-ve
Xiaomi Redmi 9 Activ,0,0,0,https://cellphones.com.vn/xiaomi-redmi-9-activ.html,hang-sap-ve
Vivo X60t Pro Plus,0,0,0,https://cellphones.com.vn/vivo-x60t-pro-plus.html,hang-sap-ve
Vivo X60t,0,0,0,https://cellphones.com.vn/vivo-x60t.html,hang-sap-ve
Realme Narzo 50i,0,0,0,https://cellphones.com.vn/realme-narzo-50i.html,hang-sap-ve
Realme Note 9 Prime,0,0,0,https://cellphones.com.vn/realme-note-9-prime.html,hang-sap-ve
Vivo X70T Pro,0,0,0,https://cellphones.com.vn/vivo-x70t-pro.html,hang-sap-ve
OnePlus 9RT,0,0,0,https://cellphones.com.vn/oneplus-9rt.html,hang-sap-ve
Oppo Reno 5G,0,0,0,https://cellphones.com.vn/oppo-reno-5g.html,hang-sap-ve
Realme 4 Pro,0,0,0,https://cellphones.com.vn/realme-4-pro.html,hang-sap-ve
Oppo Reno 9,0,0,0,https://cellphones.com.vn/oppo-reno-9.html,hang-sap-ve
Realme C4,0,0,0,https://cellphones.com.vn/realme-c4.html,hang-sap-ve
Samsung Galaxy A51 6GB,7990000,7990000,0,https://cellphones.com.vn/samsung-galaxy-a51-19670.html,hang-sap-ve
Oppo Find Z,0,0,0,https://cellphones.com.vn/oppo-find-z.html,hang-sap-ve
Honor 8C,0,0,0,https://cellphones.com.vn/honor-8c-chinh-hang.html,hang-sap-ve
Huawei Mate 20X,0,0,0,https://cellphones.com.vn/huawei-mate-20x-chinh-hang.html,hang-sap-ve
Samsung Galaxy Note 10 512GB,0,0,0,https://cellphones.com.vn/samsung-galaxy-note-10-512-gb-chinh-hang.html,hang-sap-ve
Nokia 7.1 Plus,0,0,0,https://cellphones.com.vn/nokia-7-1-plus-chinh-hang.html,hang-sap-ve
Xiaomi F9S,0,0,0,https://cellphones.com.vn/xiaomi-f9-lite.html,hang-sap-ve
Oppo R11 Pro,0,0,0,https://cellphones.com.vn/oppo-r11-pro.html,hang-sap-ve
Honor V20,0,0,0,https://cellphones.com.vn/honor-v20.html,hang-sap-ve
Samsung Galaxy A3 Core,0,0,0,https://cellphones.com.vn/samsung-galaxy-a3-core.html,hang-sap-ve
Xiaomi Poco C3,0,0,0,https://cellphones.com.vn/xiaomi-poco-c3.html,hang-sap-ve
Huawei Nova 8 Pro,0,0,0,https://cellphones.com.vn/huawei-nova-8-pro.html,hang-sap-ve
Huawei Y7a,0,0,0,https://cellphones.com.vn/huawei-y7a.html,hang-sap-ve
Xiaomi Redmi 20X,0,0,0,https://cellphones.com.vn/xiaomi-redmi-20x.html,hang-sap-ve
Oppo Reno 5K,0,0,0,https://cellphones.com.vn/oppo-reno5-k.html,hang-sap-ve
Samsung Galaxy A12s,0,0,0,https://cellphones.com.vn/samsung-galaxy-a12s.html,hang-sap-ve
Samsung Galaxy A02,0,0,0,https://cellphones.com.vn/samsung-galaxy-a02.html,hang-sap-ve
Realme Race,0,0,0,https://cellphones.com.vn/realme-race.html,hang-sap-ve
Samsung Galaxy M22,0,0,0,https://cellphones.com.vn/samsung-galaxy-m22.html,hang-sap-ve
Oppo Reno 5 Pro Plus,0,0,0,https://cellphones.com.vn/oppo-reno-5-pro-plus.html,hang-sap-ve
Huawei Nova 8 SE,0,0,0,https://cellphones.com.vn/huawei-nova-8-se.html,hang-sap-ve
Huawei Y7a,0,0,0,https://cellphones.com.vn/huawei-y7a.html,hang-sap-ve
Vsmart Active 4,0,0,0,https://cellphones.com.vn/vsmart-active-4.html,hang-sap-ve
Samsung Galaxy Z Flip Lite,0,0,0,https://cellphones.com.vn/samsung-galaxy-z-flip-lite.html,hang-sap-ve
Samsung Galaxy A3 Core,0,0,0,https://cellphones.com.vn/samsung-galaxy-a3-core.html,hang-sap-ve
Xiaomi Poco C3,0,0,0,https://cellphones.com.vn/xiaomi-poco-c3.html,hang-sap-ve
Xiaomi Redmi K40 Pro,0,0,0,https://cellphones.com.vn/xiaomi-redmi-k40-pro.html,hang-sap-ve
Realme C15s,0,0,0,https://cellphones.com.vn/realme-c15s.html,hang-sap-ve
Oppo K7x,0,0,0,https://cellphones.com.vn/oppo-k7x.html,hang-sap-ve
Nokia 4.3,0,0,0,https://cellphones.com.vn/nokia-43.html,hang-sap-ve
Huawei Y6S 2019,0,0,0,https://cellphones.com.vn/huawei-y6-s-2019.html,hang-sap-ve
Nokia 5.2,0,0,0,https://cellphones.com.vn/nokia-5-2.html,hang-sap-ve
Honor V20,0,0,0,https://cellphones.com.vn/honor-v20.html,hang-sap-ve
Xiaomi F9S,0,0,0,https://cellphones.com.vn/xiaomi-f9-lite.html,hang-sap-ve
Pocophone F11,0,0,0,https://cellphones.com.vn/pocophone-f11.html,hang-sap-ve
Pocophone F10,0,0,0,https://cellphones.com.vn/pocophone-f10.html,hang-sap-ve
Samsung Galaxy Note 10 512GB,0,0,0,https://cellphones.com.vn/samsung-galaxy-note-10-512-gb-chinh-hang.html,hang-sap-ve
Nokia 7.1 Plus,0,0,0,https://cellphones.com.vn/nokia-7-1-plus-chinh-hang.html,hang-sap-ve
Điện thoại Tecno Camon 30,0,0,0,https://cellphones.com.vn/tecno-camon-30.html,hang-sap-ve
HTC U11,0,0,0,https://cellphones.com.vn/htc-u11.html,hang-sap-ve
vivo y12,0,0,0,https://cellphones.com.vn/dien-thoai-vivo-y12.html,hang-sap-ve
TECNO POVA 6 NEO,0,0,0,https://cellphones.com.vn/tecno-pova-6-neo.html,hang-sap-ve
INOI Note 13s 8GB 256GB,0,0,0,https://cellphones.com.vn/dien-thoai-inoi-note-13s.html,hang-sap-ve
Vivo Y1s,0,0,0,https://cellphones.com.vn/vivo-y1s.html,hang-sap-ve
Vivo Y71,0,0,0,https://cellphones.com.vn/vivo-y71.html,hang-sap-ve
Xiaomi Note 12 Pro Plus,0,0,0,https://cellphones.com.vn/xiaomi-note-12-pro-plus.html,hang-sap-ve
Realme C50s,0,0,0,https://cellphones.com.vn/realme-c50s.html,hang-sap-ve
Vivo Y77T,0,0,0,https://cellphones.com.vn/vivo-y77t.html,hang-sap-ve
Masstel Izi 11,0,0,0,https://cellphones.com.vn/masstel-izi-11.html,hang-sap-ve
Vivo X90,0,0,0,https://cellphones.com.vn/vivo-x90.html,hang-sap-ve
Realme 10 8GB 256GB,0,0,0,https://cellphones.com.vn/realme-10-8gb-256gb.html,hang-sap-ve
iPhone 15 Ultra,0,0,0,https://cellphones.com.vn/iphone-15-ultra-54153.html-1,hang-sap-ve
Samsung Galaxy A14 4G 6GB 128GB,0,0,0,https://cellphones.com.vn/samsung-galaxy-a14-4g-6gb-128gb.html,hang-sap-ve
Laptop Dell Latitude E5470,0,0,0,https://cellphones.com.vn/laptop-dell-latitude-e5470.html,hang-sap-ve
Laptop Dell Latitude E6540,0,0,0,https://cellphones.com.vn/laptop-dell-latitude-e6540.html,hang-sap-ve
Samsung Galaxy Book 3 Ultra,0,0,0,https://cellphones.com.vn/laptop-samsung-galaxy-book3-ultra.html,hang-sap-ve
Vsmart Aris 2,0,0,0,https://cellphones.com.vn/vsmart-aris-2.html,hang-sap-ve
Xiaomi Mi 10i,0,0,0,https://cellphones.com.vn/xiaomi-mi-10i.html,hang-sap-ve
Samsung Galaxy F62,0,0,0,https://cellphones.com.vn/samsung-galaxy-f62.html,hang-sap-ve
Samsung Galaxy A43,0,0,0,https://cellphones.com.vn/samsung-galaxy-a43.html,hang-sap-ve
Samsung Galaxy F42,0,0,0,https://cellphones.com.vn/samsung-galaxy-f42.html,hang-sap-ve
Samsung Galaxy F32,0,0,0,https://cellphones.com.vn/samsung-galaxy-f32.html,hang-sap-ve
Xiaomi Note 11,0,0,0,https://cellphones.com.vn/xiaomi-note-11.html,hang-sap-ve
Samsung Galaxy M32s,0,0,0,https://cellphones.com.vn/samsung-galaxy-m32s.html,hang-sap-ve
Samsung Galaxy M02s,0,0,0,https://cellphones.com.vn/samsung-galaxy-m02s.html,hang-sap-ve
Huawei P50,0,0,0,https://cellphones.com.vn/huawei-p50.html,hang-sap-ve
Samsung Galaxy M12,0,0,0,https://cellphones.com.vn/samsung-galaxy-m12.html,hang-sap-ve
Nokia C1 Plus,0,0,0,https://cellphones.com.vn/nokia-c1-plus.html,hang-sap-ve
Realme V3,0,0,0,https://cellphones.com.vn/realme-v3.html,hang-sap-ve
Realme X7,0,0,0,https://cellphones.com.vn/realme-x7.html,hang-sap-ve
Realme X7 Pro,0,0,0,https://cellphones.com.vn/realme-x7-pro.html,hang-sap-ve
Vivo Y3s,0,0,0,https://cellphones.com.vn/vivo-y3s.html,hang-sap-ve
Xiaomi Mi 11i 8G 256GB,0,0,0,https://cellphones.com.vn/xiaomi-mi-11i.html,hang-sap-ve
Samsung Galaxy F23 5G,0,0,0,https://cellphones.com.vn/samsung-galaxy-f23.html,hang-sap-ve
Oneplus Nord N20,0,0,0,https://cellphones.com.vn/oneplus-nord-n20.html,hang-sap-ve
ASUS ZenFone 9,0,0,0,https://cellphones.com.vn/asus-zenfone-9.html,hang-sap-ve
Laptop Dell Latitude E5470,0,0,0,https://cellphones.com.vn/laptop-dell-latitude-e5470.html,hang-sap-ve
Laptop Dell Latitude E6540,0,0,0,https://cellphones.com.vn/laptop-dell-latitude-e6540.html,hang-sap-ve
Samsung Galaxy Book 3 Ultra,0,0,0,https://cellphones.com.vn/laptop-samsung-galaxy-book3-ultra.html,hang-sap-ve
Realme C50s,0,0,0,https://cellphones.com.vn/realme-c50s.html,hang-sap-ve
Masstel Izi 11,0,0,0,https://cellphones.com.vn/masstel-izi-11.html,hang-sap-ve
masstel izi 12 4g,0,0,0,https://cellphones.com.vn/masstel-izi-12-4g.html,hang-sap-ve
iPhone 15 Ultra,0,0,0,https://cellphones.com.vn/iphone-15-ultra-54153.html-1,hang-sap-ve
Vivo X90,0,0,0,https://cellphones.com.vn/vivo-x90.html,hang-sap-ve
Realme 10 8GB 256GB,0,0,0,https://cellphones.com.vn/realme-10-8gb-256gb.html,hang-sap-ve
Vivo T2x,0,0,0,https://cellphones.com.vn/vivo-t2x.html,hang-sap-ve
Nokia X21 5G,0,0,0,https://cellphones.com.vn/nokia-x21.html,hang-sap-ve
Nokia XR21 5G,0,0,0,https://cellphones.com.vn/nokia-xr21.html,hang-sap-ve
Realme X7 Max,0,0,0,https://cellphones.com.vn/realme-x7-max.html,hang-sap-ve
Oppo Reno 6 Pro,0,0,0,https://cellphones.com.vn/oppo-reno-6-pro.html,hang-sap-ve
Vivo S10,0,0,0,https://cellphones.com.vn/vivo-s10.html,hang-sap-ve
Xiaomi Civi Pro,0,0,0,https://cellphones.com.vn/xiaomi-civi-pro.html,hang-sap-ve
Vivo S10 Pro,0,0,0,https://cellphones.com.vn/vivo-s10-pro.html,hang-sap-ve
Vivo Y3s,0,0,0,https://cellphones.com.vn/vivo-y3s.html,hang-sap-ve
Samsung Galaxy W21 5G,0,0,0,https://cellphones.com.vn/samsung-galaxy-w21-5g.html,hang-sap-ve
Xiaomi Mi 10 Pro Plus,0,0,0,https://cellphones.com.vn/xiaomi-mi-10-pro-plus.html,hang-sap-ve
Oppo Reno5 Lite,0,0,0,https://cellphones.com.vn/oppo-reno-5-lite.html,hang-sap-ve
Huawei P50 Pro+,0,0,0,https://cellphones.com.vn/huawei-p50-pro-plus.html,hang-sap-ve
Samsung Galaxy M42,0,0,0,https://cellphones.com.vn/samsung-galaxy-m42.html,hang-sap-ve
Oppo Reno 6 Pro,0,0,0,https://cellphones.com.vn/oppo-reno-6-pro.html,hang-sap-ve
Samsung Galaxy XCover Pro 2,0,0,0,https://cellphones.com.vn/samsung-galaxy-xcover-pro-2.html,hang-sap-ve
Xiaomi CIVI 1S,0,0,0,https://cellphones.com.vn/xiaomi-civi-s-loi.html,hang-sap-ve
Samsung Galaxy S22 FE,0,0,0,https://cellphones.com.vn/samsung-galaxy-s22-fe.html,hang-sap-ve
Xiaomi Redmi 10 Prime Plus,0,0,0,https://cellphones.com.vn/xiaomi-redmi-10-prime-plus.html,hang-sap-ve
Nubia Red Magic 7S,0,0,0,https://cellphones.com.vn/nubia-red-magic-7s.html,hang-sap-ve
Huawei Nova 5,0,0,0,https://cellphones.com.vn/huawei-nova-5.html,hang-sap-ve
Vivo S12,0,0,0,https://cellphones.com.vn/vivo-s12.html,hang-sap-ve
ASUS 8z,0,0,0,https://cellphones.com.vn/asus-8z.html,hang-sap-ve
Huawei Mate X2,0,0,0,https://cellphones.com.vn/huawei-mate-x2.html,hang-sap-ve
Samsung Galaxy M31s,0,0,0,https://cellphones.com.vn/samsung-galaxy-m31s.html,hang-sap-ve
Huawei Enjoy 20 Pro,0,0,0,https://cellphones.com.vn/huawei-enjoy-20-pro.html,hang-sap-ve
Huawei Mate 40 Pro,0,0,0,https://cellphones.com.vn/huawei-mate-40-pro.html,hang-sap-ve
Huawei Mate 40,0,0,0,https://cellphones.com.vn/huawei-mate-40.html,hang-sap-ve
Xiaomi Mi 10 Pro Plus,0,0,0,https://cellphones.com.vn/xiaomi-mi-10-pro-plus.html,hang-sap-ve
Vivo Y31S,0,0,0,https://cellphones.com.vn/vivo-y31s.html,hang-sap-ve
Huawei Mate 40 Pro Plus,0,0,0,https://cellphones.com.vn/huawei-mate-40-pro-plus.html,hang-sap-ve
Samsung Galaxy F42,0,0,0,https://cellphones.com.vn/samsung-galaxy-f42.html,hang-sap-ve
Samsung Galaxy F32,0,0,0,https://cellphones.com.vn/samsung-galaxy-f32.html,hang-sap-ve
Xiaomi Note 11,0,0,0,https://cellphones.com.vn/xiaomi-note-11.html,hang-sap-ve
Samsung Galaxy M32s,0,0,0,https://cellphones.com.vn/samsung-galaxy-m32s.html,hang-sap-ve
Samsung Galaxy M02s,0,0,0,https://cellphones.com.vn/samsung-galaxy-m02s.html,hang-sap-ve
Xiaomi Mi 10i,0,0,0,https://cellphones.com.vn/xiaomi-mi-10i.html,hang-sap-ve
Samsung Galaxy F62,0,0,0,https://cellphones.com.vn/samsung-galaxy-f62.html,hang-sap-ve
Xiaomi Mi 11 Pro,0,0,0,https://cellphones.com.vn/xiaomi-mi-11-pro.html,hang-sap-ve
Oppo Reno 5 Pro,0,0,0,https://cellphones.com.vn/oppo-reno-5-pro.html,hang-sap-ve
Vivo S7e 5G,0,0,0,https://cellphones.com.vn/vivo-s7e-5g.html,hang-sap-ve
Samsung Galaxy F12,0,0,0,https://cellphones.com.vn/samsung-galaxy-f12.html,hang-sap-ve
Samsung Galaxy M12,0,0,0,https://cellphones.com.vn/samsung-galaxy-m12.html,hang-sap-ve
Nokia C1 Plus,0,0,0,https://cellphones.com.vn/nokia-c1-plus.html,hang-sap-ve
Realme X7,0,0,0,https://cellphones.com.vn/realme-x7.html,hang-sap-ve
Realme X7 Pro,0,0,0,https://cellphones.com.vn/realme-x7-pro.html,hang-sap-ve
Huawei Mate X2,0,0,0,https://cellphones.com.vn/huawei-mate-x2.html,hang-sap-ve
Samsung Galaxy M31s,0,0,0,https://cellphones.com.vn/samsung-galaxy-m31s.html,hang-sap-ve
Huawei Enjoy 20 Pro,0,0,0,https://cellphones.com.vn/huawei-enjoy-20-pro.html,hang-sap-ve
Huawei Mate 40 Pro,0,0,0,https://cellphones.com.vn/huawei-mate-40-pro.html,hang-sap-ve
Huawei Mate 40,0,0,0,https://cellphones.com.vn/huawei-mate-40.html,hang-sap-ve
Xiaomi Mi Mix Flip,0,0,0,https://cellphones.com.vn/xiaomi-mi-mix-flip.html,hang-sap-ve
Xiaomi Mi CC11,0,0,0,https://cellphones.com.vn/xiaomi-mi-cc11.html,hang-sap-ve
Realme V11s,0,0,0,https://cellphones.com.vn/realme-v11s.html,hang-sap-ve
Realme Narzo 50A Prime,0,0,0,https://cellphones.com.vn/realme-narzo-50a-prime.html,hang-sap-ve
OPPO Find X5 Pro,0,0,0,https://cellphones.com.vn/oppo-find-x5-pro.html,hang-sap-ve
Nokia G11,0,0,0,https://cellphones.com.vn/nokia-g11.html,hang-sap-ve
Samsung Galaxy S22 Note,0,0,0,https://cellphones.com.vn/samsung-galaxy-s22-note-41496.html,hang-sap-ve
Xiaomi 12 Lite,0,0,0,https://cellphones.com.vn/xiaomi-12-lite.html,hang-sap-ve
Vivo Y10,0,0,0,https://cellphones.com.vn/vivo-y10.html,hang-sap-ve
Vivo Y21e,0,0,0,https://cellphones.com.vn/vivo-y21e.html,hang-sap-ve
Nokia G400,0,0,0,https://cellphones.com.vn/nokia-g400.html,hang-sap-ve
Huawei Nova 9,0,0,0,https://cellphones.com.vn/huawei-nova-9.html,hang-sap-ve
Nokia X20,0,0,0,https://cellphones.com.vn/nokia-x20.html,hang-sap-ve
Nokia 8.4,0,0,0,https://cellphones.com.vn/nokia-84.html,hang-sap-ve
Nubia Red Magic 6S (12GB - 128GB),0,0,0,https://cellphones.com.vn/nubia-red-magic-6s.html,hang-sap-ve
Vivo Y31S,0,0,0,https://cellphones.com.vn/vivo-y31s.html,hang-sap-ve
Oppo Reno5 Lite,0,0,0,https://cellphones.com.vn/oppo-reno-5-lite.html,hang-sap-ve
Huawei P50 Pro+,0,0,0,https://cellphones.com.vn/huawei-p50-pro-plus.html,hang-sap-ve
Samsung Galaxy M42,0,0,0,https://cellphones.com.vn/samsung-galaxy-m42.html,hang-sap-ve
Xiaomi Mi 11i 8G 256GB,0,0,0,https://cellphones.com.vn/xiaomi-mi-11i.html,hang-sap-ve
Realme Narzo 30,0,0,0,https://cellphones.com.vn/realme-narzo-30.html,hang-sap-ve
Oppo Find X3 Neo,0,0,0,https://cellphones.com.vn/oppo-find-x3-neo.html,hang-sap-ve
Realme C21,0,0,0,https://cellphones.com.vn/realme-c21.html,hang-sap-ve
Oppo Reno5 Z 5G,0,0,0,https://cellphones.com.vn/oppo-reno5-z.html,hang-sap-ve
Vsmart Aris 2,0,0,0,https://cellphones.com.vn/vsmart-aris-2.html,hang-sap-ve
Samsung Galaxy Note 30 Ultra,0,0,0,https://cellphones.com.vn/samsung-galaxy-note-30-ultra.html,hang-sap-ve
Huawei Mate 40 Pro Plus,0,0,0,https://cellphones.com.vn/huawei-mate-40-pro-plus.html,hang-sap-ve
Vsmart Live 5,0,0,0,https://cellphones.com.vn/vsmart-live-5.html,hang-sap-ve
Samsung Galaxy A43,0,0,0,https://cellphones.com.vn/samsung-galaxy-a43.html,hang-sap-ve
Samsung Galaxy F42,0,0,0,https://cellphones.com.vn/samsung-galaxy-f42.html,hang-sap-ve
Samsung Galaxy F32,0,0,0,https://cellphones.com.vn/samsung-galaxy-f32.html,hang-sap-ve
Xiaomi Note 11,0,0,0,https://cellphones.com.vn/xiaomi-note-11.html,hang-sap-ve
Samsung Galaxy M32s,0,0,0,https://cellphones.com.vn/samsung-galaxy-m32s.html,hang-sap-ve
Samsung Galaxy M02s,0,0,0,https://cellphones.com.vn/samsung-galaxy-m02s.html,hang-sap-ve
Samsung Galaxy F02s,0,0,0,https://cellphones.com.vn/samsung-galaxy-f02s.html,hang-sap-ve
Realme GT,0,0,0,https://cellphones.com.vn/realme-gt.html,hang-sap-ve
Realme Narzo 30 Pro,0,0,0,https://cellphones.com.vn/realme-narzo-30-pro.html,hang-sap-ve
Xiaomi Redmi 10 Prime,0,0,0,https://cellphones.com.vn/xiaomi-redmi-10-prime.html,hang-sap-ve
Realme 8s,0,0,0,https://cellphones.com.vn/realme-8s.html,hang-sap-ve
Huawei Nova 8 SE Vitality Edition,0,0,0,https://cellphones.com.vn/huawei-nova-8-se-vitality-edition.html,hang-sap-ve
OnePlus 10R,0,0,0,https://cellphones.com.vn/oneplus-10r.html,hang-sap-ve
OPPO A16s,0,0,0,https://cellphones.com.vn/oppo-a16s.html,hang-sap-ve
Vivo Y12G,0,0,0,https://cellphones.com.vn/vivo-y12g.html,hang-sap-ve
Xiaomi Redmi Note 10 JE,0,0,0,https://cellphones.com.vn/xiaomi-redmi-note-10-je.html,hang-sap-ve
Xiaomi Poco F3 GT,0,0,0,https://cellphones.com.vn/xiaomi-poco-f3-gt.html,hang-sap-ve
Vivo X70,0,0,0,https://cellphones.com.vn/vivo-x70.html,hang-sap-ve
Xiaomi CC11 Pro,0,0,0,https://cellphones.com.vn/xiaomi-cc11-pro.html,hang-sap-ve
Xiaomi Redmi Note 10 Lite,0,0,0,https://cellphones.com.vn/xiaomi-redmi-note-10-lite.html,hang-sap-ve
Nokia G300,0,0,0,https://cellphones.com.vn/nokia-g300.html,hang-sap-ve
ASUS ZenFone 9,0,0,0,https://cellphones.com.vn/asus-zenfone-9.html,hang-sap-ve
Xiaomi 11i HyperCharge,0,0,0,https://cellphones.com.vn/xiaomi-11i-hypercharge.html,hang-sap-ve
Xiaomi Redmi K50 Pro Plus,0,0,0,https://cellphones.com.vn/xiaomi-redmi-k50-pro-plus.html,hang-sap-ve
OPPO A54s,0,0,0,https://cellphones.com.vn/oppo-a54s.html,hang-sap-ve
ASUS 8z,0,0,0,https://cellphones.com.vn/asus-8z.html,hang-sap-ve
Samsung Galaxy M33,0,0,0,https://cellphones.com.vn/samsung-galaxy-m33.html,hang-sap-ve
Oppo Reno 20x Zoom,0,0,0,https://cellphones.com.vn/oppo-reno-20x-zoom.html,hang-sap-ve
Nokia 6.3,0,0,0,https://cellphones.com.vn/nokia-63.html,hang-sap-ve
Honor 20,0,0,0,https://cellphones.com.vn/honor-20.html,hang-sap-ve
Huawei Nova 4,0,0,0,https://cellphones.com.vn/huawei-nova-4.html,hang-sap-ve
Vivo V15 128GB,0,0,0,https://cellphones.com.vn/vivo-v15-128gb.html,hang-sap-ve
Xiaomi Redmi Note 10 Lite,0,0,0,https://cellphones.com.vn/xiaomi-redmi-note-10-lite.html,hang-sap-ve
Nokia G300,0,0,0,https://cellphones.com.vn/nokia-g300.html,hang-sap-ve
Vivo V15 128GB,0,0,0,https://cellphones.com.vn/vivo-v15-128gb.html,hang-sap-ve
Huawei Nova 5,0,0,0,https://cellphones.com.vn/huawei-nova-5.html,hang-sap-ve
Huawei Nova 4,0,0,0,https://cellphones.com.vn/huawei-nova-4.html,hang-sap-ve
Honor 20,0,0,0,https://cellphones.com.vn/honor-20.html,hang-sap-ve
Nubia Red Magic 7S,0,0,0,https://cellphones.com.vn/nubia-red-magic-7s.html,hang-sap-ve
Realme Narzo 50A Prime,0,0,0,https://cellphones.com.vn/realme-narzo-50a-prime.html,hang-sap-ve
Samsung Galaxy M53 5G,0,0,0,https://cellphones.com.vn/samsung-galaxy-m53.html,hang-sap-ve
OnePlus 10,0,0,0,https://cellphones.com.vn/oneplus-10.html,hang-sap-ve
Nokia G11,0,0,0,https://cellphones.com.vn/nokia-g11.html,hang-sap-ve
